date,GDP Growth,CPI,Unemployment Rate,Retail sales,Net Export Growth,10-Year Government Bond Rate,Saving Rate of People,New Home Sales,FED Fund Rate,S&P 500,Gold,Brent,DXY,PMI - 50,IIP Growth (%)
1988-07-01,2.4,0.423728813559324,5.4,0.0,6.8863079198557955,9.06,8.6,-0.05445471304092426,7.75,-1,0.05725081738786074,5.566084710555382,2.218397182766566,1,0.015532647171845326
1988-08-01,5.4,0.4219409282700329,5.6,0.0,6.857835777351147,9.26,8.4,0.013167710374647488,8.01,-1,-2.0936511658392467,-7.26391836399716,0.9184675240948567,1,0.5004005165846648
1988-09-01,5.4,0.6722689075630279,5.4,0.0,6.857835777351147,8.98,8.8,0.02156805387732117,8.19,1,-7.284096055865794,-17.631225163011074,-0.7545666474118047,1,-0.3230471183578887
1988-10-01,5.4,0.333889816360602,5.4,0.0,6.877656831158104,8.8,8.6,0.0211126772375592,8.3,-1,3.629579992915996,4.003737305983734,-4.212359182769783,1,0.4411008755109913
1988-11-01,4.1,0.0831946755407767,5.3,0.0,6.857835777351147,8.96,8.4,-0.1339294025800255,8.35,-1,2.443235303915163,9.787574563573743,-3.4428116515158766,1,0.25361989185817
1988-12-01,4.1,0.166251039068995,5.3,0.0,6.857835777351147,9.11,8.3,0.046664764857118624,8.76,1,-2.965937521175605,9.950711897531779,2.2183065555058503,1,0.4540968383386135
1989-01-01,4.1,0.497925311203322,5.4,0.0,6.884567508548629,9.09,8.5,0.08865642639572958,9.12,1,-4.041582067226651,2.4818327594622938,4.459741564895224,1,0.2945869249222799
1989-02-01,3.1,0.41288191577208,5.2,0.0,6.857835777351147,9.17,8.9,-0.14492126498186728,9.36,-1,-1.7926216268152009,3.0333492480457096,-1.9201257767490443,1,-0.4441213041499137
1989-03-01,3.1,0.5756578947368549,5.0,0.0,6.857835777351147,9.36,9.4,-0.09258078901142738,9.85,1,-0.9867646933076359,17.722730227221152,3.4280786468697837,1,0.2572239205320459
1989-04-01,3.1,0.6541291905151291,5.2,0.0,6.897587764546322,9.18,8.3,0.06981557823841487,9.84,1,-1.4854035847270848,-5.027236525344322,-0.5103614221558768,1,-0.03529366261192379
1989-05-01,3.0,0.56864337936636,5.2,0.0,6.857835777351147,8.86,8.0,0.07598590697792205,9.81,-1,-4.261143728823978,-5.4067221270275825,5.174857345846055,1,-0.5510334698825892
1989-06-01,3.0,0.242326332794821,5.3,0.0,6.857835777351147,8.28,8.1,-0.021572485254127888,9.53,-1,3.0486846682620645,-0.7396904280884751,-0.751039862850242,1,-0.0022695182623322374
1989-07-01,3.0,0.241740531829182,5.2,0.0,6.9107198802061305,8.02,8.1,0.1298251560598173,9.24,1,-1.2680596192795912,-4.916144953505778,-4.649204321569634,1,-0.9663503859079214
1989-08-01,0.8,0.160771704180044,5.2,0.0,6.857835777351147,8.11,7.5,-0.04762804898925459,8.99,-1,-2.334950193458687,3.362156847284417,4.698144762031618,1,0.974142898300201
1989-09-01,0.8,0.321027287319424,5.3,0.0,6.857835777351147,8.19,7.9,-0.08688095638298912,9.02,-1,1.845019981027339,5.198910793760033,-3.769140071322355,1,-0.33282159109147
1989-10-01,0.8,0.480000000000002,5.3,0.0,6.903023099863347,8.01,8.4,0.009345862418237599,8.84,-1,2.3727184814269076,2.5551811440349863,-0.28492946924919593,1,-0.12687176517661714
1989-11-01,4.4,0.2388535031847039,5.4,0.0,6.857835777351147,7.87,8.5,0.05870760082677791,8.55,1,8.390904775638976,-0.7543139214463643,-1.8617148657891374,1,0.3366372753715652
1989-12-01,4.4,0.158856235107229,5.4,0.0,6.857835777351147,7.84,7.7,-0.08223809823697212,8.45,1,-1.7050079453139264,9.240513332394903,-3.335753654437064,1,0.5692433300166666
1990-01-01,4.4,1.03092783505156,5.4,0.0,6.897207849901297,8.21,7.9,-0.01600034134644119,8.23,-1,3.3814320456818954,-1.090739618919311,-0.6569405996633745,1,-0.5222825490487248
1990-02-01,1.5,0.470957613814759,5.3,0.0,6.857835777351147,8.47,8.5,-0.04790346063303902,8.24,1,-1.7867385075836906,-2.9339484319400384,0.9035234102119949,1,0.9084094802969789
1990-03-01,1.5,0.546874999999992,5.2,0.0,6.857835777351147,8.59,8.3,-0.02918662108653179,8.28,1,-10.109089819581643,-5.812518128684814,0.40607023099072986,1,0.47672565845220394
1990-04-01,1.5,0.155400155400176,5.4,0.0,6.916924116430054,8.79,8.7,-0.0573633948799202,8.26,-1,-0.20373521478444417,-7.10157462139448,-0.7385636997442838,1,-0.22483021718118223
1990-05-01,0.3,0.2327385570209169,5.4,0.0,6.857835777351147,8.76,8.7,-0.014870162479451393,8.18,1,-1.2862793655291092,-5.277003598006433,-0.16128168648429136,1,0.2954238177032886
1990-06-01,0.3,0.5417956656347079,5.2,0.0,6.857835777351147,8.48,8.6,0.020389955703049176,8.29,-1,-3.034136976415009,-0.6176671891729062,-1.9340020444575865,1,0.3399679860814686
1990-07-01,0.3,0.384911470361808,5.5,0.0,6.910841511662967,8.47,8.7,-0.00551979322359781,8.15,1,5.550078481656555,20.6399439014924,-4.430217020973813,1,-0.16638007008998867
1990-08-01,-3.6,0.92024539877301,5.7,0.0,6.857835777351147,8.75,8.1,-0.02616971773338472,8.13,-1,4.066082117797693,29.88343714852889,-0.7135488901099447,1,0.3622083695834277
1990-09-01,-3.6,0.83586626139817,5.9,0.0,6.857835777351147,8.89,8.1,-0.06252035698133393,8.2,1,5.1886284233862305,37.95879936493045,-0.776860536386933,1,0.021472743930361915
1990-10-01,-3.6,0.602863602110005,5.9,0.0,6.906702725241747,8.72,7.9,-0.06453852113757118,8.11,1,-7.339248945482581,-12.777524718193122,-3.121189640223721,1,-0.6147837522799904
1990-11-01,-1.9,0.224719101123606,6.2,0.0,6.857835777351147,8.39,8.0,0.05847176845533387,7.81,1,1.3999051144641874,-16.417851053515285,-0.39708854294927315,1,-1.2477339021045752
1990-12-01,-1.9,0.2609913057466027,6.3,0.0,6.857835777351147,8.08,8.8,-0.060624621816434854,7.31,-1,-0.5340988401527292,-3.2367537568737026,0.21678919727368945,1,-0.6951026856240161
1991-01-01,-1.9,0.5979073243647061,6.4,0.0,6.938191366199574,8.09,9.4,-0.1459231249196861,6.91,1,-4.487932617743295,-34.30733891717096,-1.3566099526718902,1,-0.3333414914706623
1991-02-01,3.2,0.1485884101040319,6.6,0.0,6.857835777351147,7.85,9.0,0.1839826867440311,6.25,1,-0.9057287112509569,-7.127434973309282,2.493053788295228,1,-0.7293211665209687
1991-03-01,3.2,0.1483679525222559,6.8,0.0,6.857835777351147,8.11,8.1,0.050566889540582895,6.12,-1,-1.962894510933252,-2.7681550392616616,9.024748164706443,1,-0.5630067926918003
1991-04-01,3.2,0.148148148148129,6.7,0.0,6.961159543703169,8.04,8.7,0.0019704439872987385,5.91,-1,0.5887317257036158,6.653158045509892,-0.5121231568773781,1,0.25722544790562907
1991-05-01,2.0,0.295857988165682,6.9,0.0,6.857835777351147,8.07,8.5,0.017561426929947208,5.78,1,0.738010729762246,-1.0872486082713575,1.7435061822101348,1,1.0029378486213991
1991-06-01,2.0,0.294985250737484,6.9,0.0,6.857835777351147,8.28,9.0,-0.0019361090268664404,5.9,-1,2.181904739463989,-2.583850573101942,3.0449545602283794,1,0.8069284147877331
1991-07-01,2.0,0.147058823529393,6.8,0.0,6.963161603253642,8.27,8.4,-0.009737175277858317,5.82,1,-1.5044047404676595,5.305456295588956,-2.6806163946657158,1,0.27407987470633444
1991-08-01,1.4,0.293685756240824,6.9,0.0,6.857835777351147,7.9,8.7,0.02893162253400548,5.66,-1,-4.351267191714153,4.748666626598787,0.0,1,0.01425791597875481
1991-09-01,1.4,0.439238653001466,6.9,0.0,6.857835777351147,7.65,8.9,-0.0770370896551201,5.45,-1,2.1359205845446225,1.6766859857067107,-3.9156537225649544,1,0.8229532682422658
1991-10-01,1.4,0.145772594752206,7.0,0.0,6.961287515068092,7.53,9.4,0.07322756123845234,5.21,1,0.7159432560409994,4.867704839531665,0.0444839864986634,1,-0.10460032553035736
1991-11-01,4.9,0.291120815138284,7.0,0.0,6.857835777351147,7.42,9.1,0.09287835647630825,4.81,-1,2.4457177571907867,-9.336636887200715,-1.9649203442471876,1,-0.13253597290089347
1991-12-01,4.9,0.0725689404934595,7.3,0.0,6.857835777351147,7.09,9.8,-0.03001107841603951,4.43,1,-3.655977392983751,-13.37443171435854,-5.428772913227449,1,-0.45643861915238837
1992-01-01,4.9,0.145032632342278,7.3,0.0,6.963670475903639,7.03,9.5,0.19183411366165323,4.03,-1,0.2686463262926853,3.0203638202745036,4.63186523503582,1,-0.5237355596543924
1992-02-01,4.4,0.362056480810998,7.4,0.0007188372204220071,6.857835777351147,7.34,9.8,-0.05628862166542929,4.06,1,-0.09889101604106916,-3.3616610798984854,1.6999502750597633,1,0.7106110213833894
1992-03-01,4.4,0.5050505050505361,7.4,-0.0030006060313907366,6.857835777351147,7.54,9.7,-0.14454645285520007,3.98,-1,-3.465728983620131,3.306549477511568,0.7389196182371085,1,0.8415806405767556
1992-04-01,4.4,0.143575017946859,7.4,0.006016520904566184,6.952017110473727,7.48,9.8,-0.012739025777429714,3.73,1,-1.578087464963122,8.046667003202995,-0.03346906931449152,1,0.7680936830860796
1992-05-01,4.0,0.143369175627241,7.6,0.005467422594538668,6.857835777351147,7.39,9.8,0.014545711002378716,3.82,-1,0.3413225840969749,5.588598715090109,-2.714484694337661,1,0.32883078326571
1992-06-01,4.0,0.3579098067286961,7.8,0.0028038331366569543,6.857835777351147,7.26,10.0,0.07307598031806592,3.76,-1,1.7330438150790592,-1.8447125048168078,-4.095576483682144,1,0.05639443152511969
1992-07-01,4.0,0.213980028530681,7.7,0.007080015414649298,6.946548977900893,6.84,9.5,0.050705873567570836,3.25,1,4.121795572123138,0.2935422851444752,-2.1856814050288387,1,0.9062353552113267
1992-08-01,4.2,0.284697508896798,7.6,0.0032412423878962738,6.857835777351147,6.59,9.6,0.014252022707201413,3.3,-1,-4.530316712200145,-2.9749343109472566,-3.7693373233130685,1,-0.5563679496915275
1992-09-01,4.2,0.283889283179561,7.6,0.00948998818484821,6.857835777351147,6.42,8.6,0.021773799549560754,3.22,1,2.3122417420854213,2.33783340566883,2.7755250826987172,1,0.3206048576684717
1992-10-01,4.2,0.353857041755123,7.3,0.0072053837212701635,6.938191366199574,6.59,7.9,-0.045641280956204025,3.1,-1,-2.605067719994255,-4.474232055595868,7.744044394639214,1,0.683197186687079
1992-11-01,0.7,0.141043723554302,7.4,0.0022129342691929736,6.857835777351147,6.87,7.9,-0.011336153786336352,3.09,1,-1.4771317320312543,-3.18648009162383,3.5866222446362914,1,0.3827060598771137
1992-12-01,0.7,-0.0704225352112772,7.4,0.012217246594132104,6.857835777351147,6.77,10.5,0.056977434742540356,2.92,-1,-0.44742803949210774,-2.962780674544272,1.6704356972172367,1,0.15109830259496526
1993-01-01,0.7,0.4933051444679279,7.3,0.011504579623767639,6.929849396455203,6.6,8.5,-0.086731695824333,3.02,-1,-0.5997019472374291,0.9793331808374338,0.10821340737846899,1,0.3940341734527397
1993-02-01,2.3,0.350631136044892,7.1,-0.007819974951772396,6.857835777351147,6.26,8.8,0.013333530869465168,3.03,1,-0.9063506153346964,2.4071769412583808,1.6625041030380354,1,0.48395459153272036
1993-03-01,2.3,0.34940600978336,7.0,-0.008310985563797866,6.857835777351147,5.98,8.8,-0.0033167526259939265,3.07,1,2.8423753437888317,-0.10576415581356462,-2.3026625307084396,1,-0.09780335211361235
1993-04-01,2.3,0.278551532033427,7.1,0.025458681141302453,6.922502994850917,5.97,8.7,0.152250441725769,2.96,-1,4.893062347158013,1.3140793561058328,-2.6135909002565394,1,0.276892574623
1993-05-01,1.9,0.138888888888889,7.1,0.009443302385144594,6.857835777351147,6.04,8.2,-0.11315751593449161,3.0,1,5.1328406130676525,-2.9141134907499238,-0.47037828916428404,1,-0.37160432518529296
1993-06-01,1.9,0.138696255201128,7.0,-0.0015087654264431486,6.857835777351147,5.96,7.7,0.042226758176332486,3.04,-1,0.8899573914180234,-6.038943442139507,4.960237299448654,1,0.22684975139117824
1993-07-01,1.9,0.2609913057466027,6.9,0.014410948753988738,6.9173986320293706,5.81,7.5,0.0030581063588208724,3.06,-1,7.439130375747963,-4.4373888026685115,1.8626848207167872,1,0.2565144824443033
1993-08-01,5.6,0.2770083102493089,6.8,-0.00019919767668573828,6.857835777351147,5.68,7.6,-0.015384918839479456,3.03,1,-9.038737930179003,1.950993008934828,-1.5001337731346716,1,-0.11072853540393668
1993-09-01,5.6,0.207182320441981,6.7,0.005881720774417094,6.857835777351147,5.36,6.8,0.11829969802902356,3.09,-1,-4.591871963202596,2.0284671171505932,-1.2100592046444643,1,0.5116685961861434
1993-10-01,5.6,0.413507925568557,6.8,0.006093416210802122,6.912339754198243,5.33,6.2,-0.03077165866675366,2.99,1,3.890682466770551,-9.818291949900832,2.4056508678963553,1,0.7466168208287938
1993-11-01,3.9,0.0686341798215785,6.6,0.010135249463522773,6.857835777351147,5.72,6.2,0.08831261334760154,3.02,-1,0.324236976843016,-8.44829306362712,1.181465988118005,1,0.4655117440748313
1993-12-01,3.9,0.2609913057466027,6.5,0.008902215893437697,6.857835777351147,5.77,9.0,0.054409370656034024,2.96,1,5.25468919043384,-9.53101798043249,0.6526829696684601,1,0.5795712834896882
1994-01-01,3.9,0.274348422496554,6.6,-0.006766439213672932,6.905201019637398,5.75,7.0,-0.2713950674770818,3.05,1,-2.2781207829554377,7.443259478276974,-1.299191999418649,1,0.30952727972100025
1994-02-01,5.5,0.34199726402188,6.6,0.01571240418780806,6.857835777351147,5.97,6.4,0.10277235504128918,3.25,-1,-0.03928501327286134,-6.313303952883631,-1.0939416971204774,1,0.0641111099460634
1994-03-01,5.5,0.340831629175198,6.5,0.01846475378521446,6.857835777351147,6.48,6.7,0.08518755740693199,3.34,-1,2.3941615886623886,-0.751883241402734,-1.5884348687963983,1,1.0007200394000604
1994-04-01,5.5,0.135869565217392,6.4,0.00031313769442072124,6.895148141942903,6.97,6.3,-0.07647922951514777,3.56,1,-3.632975533670967,16.902601431270988,-1.0152371464017962,1,0.5932972088501076
1994-05-01,2.4,0.0678426051560472,6.1,-0.003711762693951217,6.857835777351147,7.18,7.5,-0.0014461318499996267,4.01,1,2.682178187205046,4.730191046643969,0.4332762410753914,1,0.46603320726026354
1994-06-01,2.4,0.33898305084745,6.1,0.011461906094455465,6.857835777351147,7.1,6.8,-0.10680874183419113,4.25,-1,-0.2585316848470842,6.301760829686449,-3.184632800524135,1,0.6716822854796245
1994-07-01,2.4,0.270270270270271,6.1,0.003169001264021041,6.8887518522401,7.3,6.9,0.01120908453471996,4.26,1,-0.7013926662952397,5.928071622510737,0.2785672312285049,1,0.1263019884915284
1994-08-01,4.7,0.4043126684636139,6.0,0.012413407720217665,6.857835777351147,7.24,6.4,0.04362062247589035,4.47,1,0.7790223764947303,-12.77844705587517,-0.22279167063258964,1,0.6641767917860086
1994-09-01,4.7,0.268456375838927,5.9,0.008133510852486325,6.857835777351147,7.46,6.7,0.031510483968185926,4.73,-1,1.9594659068917246,4.715884243734786,-2.0164017447546745,1,0.29672689851738543
1994-10-01,4.7,0.0669344042838109,5.8,0.009090605619269342,6.883596798717694,7.74,7.0,0.05461126978173259,4.76,1,-2.5041436897449114,-1.3501819433871463,-2.523611483538195,1,0.8129003436921245
1994-11-01,1.4,0.13377926421403,5.6,0.0008013984831692057,6.857835777351147,7.96,6.9,-0.10148303891140585,5.29,-1,-0.8095095779380036,1.1166733726024658,3.9359845461598533,1,0.6735508365066867
1994-12-01,1.4,0.2609913057466027,5.5,0.00484975965104221,6.857835777351147,7.81,7.0,-0.026668247082161294,5.45,1,0.4708352930386873,-3.6302706997567125,-0.46106351005143426,1,0.9917817710936472
1995-01-01,1.4,0.400801603206414,5.6,0.004330377781839319,6.880091130749604,7.78,7.3,-0.004780885600342008,5.53,1,-2.136438900886377,1.801850550267843,-0.8262171384642238,1,0.19148765663814515
1995-02-01,1.2,0.3992015968063889,5.4,-0.015871444141063677,6.857835777351147,7.47,7.7,-0.11320089794499937,5.92,1,0.5317747176469755,0.4158010148663677,-2.3690160332337555,1,-0.12306440183262879
1995-03-01,1.2,0.331345261762749,5.4,0.009271450047350738,6.857835777351147,7.2,7.4,0.09709749037842053,5.98,-1,3.7219650697664295,3.666398437159131,-4.803402046610793,1,0.14583608473668352
1995-04-01,1.2,0.330250990752982,5.8,0.003912494804726617,6.875802172680894,7.06,6.8,0.008084118399959058,6.05,1,-1.1046997378373267,8.539101729658752,-0.12217472503224756,1,-0.17648808354704393
1995-05-01,3.5,0.197498354180374,5.6,0.009672911778748794,6.857835777351147,6.63,7.0,0.08189902897882821,6.01,1,-0.7259560012804223,-7.402725864627257,0.9369174820635783,1,0.4861300450573314
1995-06-01,3.5,0.197109067017092,5.6,0.012309022789973895,6.857835777351147,6.17,6.5,0.07294154394236764,6.0,-1,0.07803355838811049,-7.750356115486014,-1.2062284539924713,1,0.3258754931838803
1995-07-01,3.5,0.2609913057466027,5.7,-0.0028263748652877156,6.911348814492268,6.28,6.9,0.053704178971861166,5.85,1,-0.5213776148526851,-2.284755141629985,-0.012258657692340044,1,-0.41724346079261565
1995-08-01,2.7,0.2622950819672139,5.7,0.0077824430747628105,6.857835777351147,6.49,6.6,-0.08736794679194579,5.74,-1,0.03919775316405911,1.4879381767123057,4.787320711747439,1,1.3143711485103404
1995-09-01,2.7,0.196206671026807,5.6,0.002345676206779517,6.857835777351147,6.2,6.6,-0.03336059909419451,5.8,1,0.32605180499337555,-0.8032171697264154,-1.5071520420572528,1,0.38965184193402447
1995-10-01,2.7,0.326370757180149,5.5,-0.004017605396311834,6.915985319102154,6.04,7.0,0.026202372394024117,5.76,-1,-0.260756340708083,1.2943169903891332,-0.7502267995338556,1,-0.16612918987588543
1995-11-01,3.0,-0.0650618087182741,5.6,0.011995129841382098,6.857835777351147,5.93,6.4,-0.047067510857985856,5.8,1,1.245475362790537,4.25596144187959,1.8944445323012067,1,0.2528483351164068
1995-12-01,3.0,-0.0651041666666584,5.6,0.008280425202934934,6.857835777351147,5.71,6.0,0.0655733770556936,5.6,-1,-0.18066852249490356,7.297554045044382,-0.5881677936965893,1,0.33939793995902967
1996-01-01,3.0,0.586319218241036,5.6,-0.008112705495715768,6.896946069398204,5.65,6.5,0.007027435807456876,5.56,1,4.840874541007867,-10.396729375878152,3.044269012319149,1,-0.5380750454334948
1996-02-01,6.8,0.3238341968912019,5.5,0.015730987304256615,6.857835777351147,5.81,6.6,0.07420800716605953,5.22,-1,-1.37540115040188,7.237696947119211,-1.2320957291723542,1,1.4461659721762832
1996-03-01,6.8,0.516462233699146,5.5,0.008842529657736081,6.857835777351147,6.27,6.4,-0.06445183222069495,5.31,1,-1.3313434524236087,8.883965961689475,0.24301348532916692,1,-0.14479623258132346
1996-04-01,6.8,0.385356454720635,5.6,0.003663375285135347,6.891966286267742,6.51,5.5,0.020590981443927153,5.22,1,-0.9655773152178674,-2.029734006367466,1.7188460298087325,1,0.999808200059582
1996-05-01,3.6,0.191938579654503,5.6,0.007531794987858057,6.857835777351147,6.74,6.5,0.013495481474884509,5.24,1,-0.16610238278817638,-6.629259981920471,-0.273037712285738,1,0.7610866663703586
1996-06-01,3.6,0.0638569604086764,5.3,-0.0010685367846254964,6.857835777351147,6.91,6.9,-0.034086462918811795,5.27,-1,-2.7352797362834,6.049242537232667,0.04555808734833942,1,0.7463823712610784
1996-07-01,3.6,0.191448627951509,5.5,0.0012210917335958782,6.870950205819816,6.87,6.5,0.06575137756278043,5.4,-1,1.7199121028190778,-0.05289606047694965,-2.2105436143361605,1,0.001592090494417775
1996-08-01,4.2,0.19108280254778,5.1,0.00012017841887398849,6.857835777351147,6.64,6.4,0.07020425867324856,5.22,1,-0.1422015623245825,9.482906360548487,0.5340776656396846,1,0.5066747331300858
1996-09-01,4.2,0.317863954227583,5.2,0.01330555379071047,6.857835777351147,6.83,6.4,-0.07020425867324857,5.3,1,-2.118003084975352,11.059223461526441,1.8130158106057461,1,0.6263555085623818
1996-10-01,4.2,0.316856780735101,5.2,0.008194160984435038,6.896918775594048,6.53,6.1,-0.06713930283762856,5.24,-1,-0.09253751734442577,-2.354075576690796,-0.5816290559864341,1,-0.019021332752633402
1996-11-01,2.6,0.1895135818066889,5.4,-0.0004388911959651332,6.857835777351147,6.2,6.2,0.06843716155322847,5.31,1,-1.7073910832976449,0.4401415556210501,0.5588836902566195,1,0.8943039295053357
1996-12-01,2.6,0.2609913057466027,5.4,0.004641573823104735,6.857835777351147,6.3,6.1,0.04315390385523395,5.29,-1,-1.0685162864076143,4.466178042312303,0.22722118387764983,1,0.6240791289161107
1997-01-01,2.6,0.315258511979816,5.3,0.006689558744336553,6.876476147822997,6.58,5.9,0.030583423372080185,5.25,1,-6.560880631651894,-5.570185722728171,5.43299862762667,1,0.1761500803854288
1997-02-01,6.8,0.314267756128231,5.2,0.008647801847499652,6.857835777351147,6.42,6.0,-0.035564753722284355,5.19,-1,5.398315393993718,-17.789088937746982,1.9688817775258105,1,1.1765692427770702
1997-03-01,6.8,0.250626566416041,5.2,0.0032729339221649425,6.857835777351147,6.69,6.1,0.03676884778708906,5.39,-1,-3.4143515282688837,2.7728692568600355,-0.1793154849971683,1,0.6301521826446832
1997-04-01,6.8,0.124999999999984,5.1,-0.006859309553392474,6.900572544797753,6.89,6.2,-0.11058876002235637,5.51,1,-3.4024273649204684,-4.539037724458684,2.563975784206137,1,0.08248890961319866
1997-05-01,5.1,-0.0624219725343241,4.9,-0.007534490356134879,6.857835777351147,6.71,6.5,0.02127739844728488,5.5,1,1.5055462332909952,4.642183685124918,-2.42682325967338,1,0.5631463268881864
1997-06-01,5.1,0.124921923797643,5.0,0.01393384474704582,6.857835777351147,6.49,6.3,0.0425047883544713,5.56,-1,-3.153812816001579,-4.696193948387614,0.8608073309052898,1,0.4626738646549944
1997-07-01,5.1,0.124766063630677,4.9,0.01163703870256961,6.888789561379322,6.22,5.8,0.015019055783715369,5.52,1,-2.855167369216734,2.2964961172525946,3.9755260820129332,1,0.8390029211587935
1997-08-01,3.5,0.186915887850476,4.8,0.0026462204205362316,6.857835777351147,6.3,5.7,0.012345835822299362,5.54,-1,-0.12332358584729636,-2.296496117252604,-0.5540180375615356,1,1.0139610720472758
1997-09-01,3.5,0.248756218905457,4.9,0.004364472433359666,6.857835777351147,6.21,5.9,0.030213778596496633,5.54,1,3.128101994341237,7.24086051450404,-1.927549352832721,1,0.9229538953649419
1997-10-01,3.5,0.248138957816378,4.7,-0.002068900309409747,6.868005625964827,6.03,5.9,-0.048790164169432056,5.5,-1,-7.124857986426248,0.6012042156627974,-1.5253214016138728,1,0.8934242076635401
1997-11-01,4.1,-0.061881188118804,4.6,0.0026245137556580103,6.857835777351147,5.88,6.1,0.0769610411361284,5.52,1,-4.750667289745485,-5.545568612914229,2.20266389274558,1,0.7991242738529136
1997-12-01,4.1,-0.12383900928791,4.7,0.00321042862628874,6.857835777351147,5.81,6.1,-0.08574954716920764,5.5,-1,-2.7132455274214538,-13.670431966510021,1.9046265141223886,1,0.42791901902261564
1998-01-01,4.1,0.185988840669536,4.6,0.0017546593721565994,6.8488849300288805,5.54,7.0,0.09496620227413158,5.56,-1,4.531629102443812,-3.4486176071169203,1.0680343077287826,1,0.4444762723192941
1998-02-01,3.8,0.185643564356445,4.6,0.0004187613790524393,6.857835777351147,5.57,7.0,-0.006904515346544487,5.51,1,-1.0970854716882514,-11.895853831907372,-0.8875650387757885,1,0.17847721623072133
1998-03-01,3.8,0.1852995676343349,4.7,0.006020239067574298,6.857835777351147,5.65,7.1,-0.035256295477733485,5.49,-1,0.5999018157739027,0.6331361283560755,1.6590059133508264,1,0.04198959512065059
1998-04-01,3.8,0.184956843403215,4.3,0.012377867922836091,6.8197029968022544,5.64,6.9,0.03525629547773344,5.45,-1,1.8762894078212928,1.3927801744468804,-1.7792825641140486,1,0.3460909155580838
1998-05-01,5.1,0.184615384615393,4.4,0.004604065537700899,6.857835777351147,5.65,6.6,0.02396007374714438,5.49,-1,-4.5705086081195025,-0.6243516639685159,0.7692729879187049,1,0.6531661662761756
1998-06-01,5.1,0.1228501228501229,4.5,0.007965658887424336,6.857835777351147,5.5,6.5,0.0397842521932727,5.56,1,1.3561828471071526,-7.138164539085105,0.6843567497910503,1,-0.5937546588845488
1998-07-01,5.1,0.1226993865030519,4.5,-0.006549389256021237,6.806176492453019,5.46,6.6,-0.05226314356646072,5.54,-1,-3.599977360728236,-2.191247477827386,-0.029657456596209806,1,-0.39725605183694723
1998-08-01,6.6,0.12254901960786,4.5,-0.0043563673023997215,6.857835777351147,5.34,6.5,-0.03484673133016819,5.55,-1,-3.8794900525342424,-4.133141888175594,-0.9337507001072578,1,2.0595296670203656
1998-09-01,6.6,0.122399020807818,4.6,0.009142482863321692,6.857835777351147,4.81,6.1,0.021053409197832263,5.51,1,7.479467413262478,15.596886214631677,-4.105072992637401,1,-0.09212189364509182
1998-10-01,6.6,0.24449877750613,4.5,0.016624819859344865,6.8017067489188925,4.53,5.9,0.03301381207244349,5.07,1,-1.4928182227624076,-10.475518876282926,-2.6232739434928423,1,0.6845165768822437
1998-11-01,3.8,0.2609913057466027,4.4,0.007156385812746233,6.857835777351147,4.83,6.0,0.10815615628209377,4.83,-1,0.22193777782512303,-23.417237578676332,2.6544638382198835,1,-0.09181092723261619
1998-12-01,3.8,-0.0609756097561058,4.4,0.009123552297179975,6.857835777351147,4.65,5.5,-0.047333938548664904,4.68,-1,-1.7026810863327944,0.6669867509107232,-2.1327698149688943,1,0.40457049062843087
1999-01-01,3.8,0.244051250762677,4.3,0.0013700908916252125,6.76329004344355,4.72,6.1,-0.08118491225231349,4.63,-1,-0.7312010294057153,7.498941778152752,2.0079518249756245,1,0.41330163536204
1999-02-01,3.4,0.121728545343868,4.4,0.010685291476535743,6.857835777351147,5.0,6.0,-0.0313432505657113,4.76,-1,0.31402677585347655,-4.2291502499615055,2.70050806580685,1,0.5795655837790292
1999-03-01,3.4,0.303951367781164,4.2,0.004586292768532126,6.857835777351147,5.23,5.6,0.01753405529152491,4.81,1,-2.4688257957804494,33.69973088307036,1.3983427891378206,1,0.2125937578368875
1999-04-01,3.4,0.7272727272727141,4.3,0.007194790389558878,6.722044786226137,5.18,4.7,0.061782699537062474,4.74,-1,2.294488234190516,8.367028117997126,0.8950830520084577,1,0.22260770652637873
1999-05-01,5.4,0.2609913057466027,4.2,0.008903633655492665,6.857835777351147,5.54,4.4,-0.03322564762832039,4.74,-1,-5.819562516973253,-8.629840358624092,1.259363358172643,1,0.612996293194068
1999-06-01,5.4,0.2609913057466027,4.3,0.0027989919956099498,6.857835777351147,5.9,4.3,0.03865749151068208,4.76,1,-2.9466333796335458,14.147671844552983,0.5557465675980312,1,-0.06542708658824337
1999-07-01,5.4,0.300842358604085,4.3,0.007826050608052913,6.686660876727192,5.79,4.4,-0.02523447117854146,4.99,-1,-2.5268969128086174,10.095333112114394,-3.060456032899327,1,0.5864073154735916
1999-08-01,6.7,0.2399520095980969,4.2,0.010717023641756642,6.857835777351147,5.94,4.3,-0.007808182447811699,5.07,1,-0.10554503256823915,9.638905506435465,0.20030051764363654,1,0.43867228969203254
1999-09-01,6.7,0.478755236385384,4.2,0.004168374370540645,6.857835777351147,5.92,3.7,-0.077991807355521,5.22,-1,15.568044066781065,10.028436262596571,-1.4207503830591999,1,-0.41373978080618823
1999-10-01,6.7,0.178677784395466,4.1,0.0019153761578436313,6.654585416160955,6.11,4.0,0.05419465038800148,5.2,1,0.1505142854601624,-8.35475702704417,0.526317004427447,1,1.2795858652042469
1999-11-01,1.5,0.0594530321046454,4.1,0.011948135904855344,6.857835777351147,6.03,4.1,-0.010374732825551704,5.42,-1,-2.882043853549197,8.608886769911434,2.9149042102335034,1,0.5338375932886441
1999-12-01,1.5,0.2609913057466027,4.0,0.018316681024475135,6.857835777351147,6.28,3.7,0.011520864756174191,5.3,1,-0.9331327428884305,5.913052322682246,-0.11772786604517319,1,0.7995345598152293
2000-01-01,1.5,0.297088532382659,4.0,-0.006763276676846091,6.581278322698899,6.66,4.5,0.0,5.45,-1,-1.5748356968139168,3.4871309909937245,3.1500188985764357,1,-0.07564627278132674
2000-02-01,7.5,0.5924170616113771,4.1,0.014724446865187351,6.857835777351147,6.52,4.0,-0.019665179697860146,5.73,1,3.022637614879231,7.847161544149531,0.7486412600958635,1,0.3449324575644619
2000-03-01,7.5,0.8244994110718371,4.0,0.011593442864605608,6.857835777351147,6.26,3.8,0.0501243871825686,5.85,1,-4.594002024556327,-12.578039761488407,-0.4542021434501009,1,0.39084432185512163
2000-04-01,7.5,0.058411214953279,3.8,-0.015180487696586926,6.573041695024386,5.99,4.3,-0.06780310335136273,6.02,-1,-2.0014058561200794,-3.617328216355004,4.361021308013843,1,0.6330158661207674
2000-05-01,0.4,0.116754232340923,4.0,0.0012830913934937117,6.857835777351147,6.44,4.3,0.01884625862483172,6.27,1,-0.5314774720634291,16.975513778608992,-1.2792572116560892,1,0.29007434234169516
2000-06-01,0.4,0.524781341107882,4.0,0.007444749664832274,6.857835777351147,6.1,4.3,-0.07761469696293177,6.53,1,6.208927279795354,7.680403677893502,-1.7627323476014434,1,0.07220123376951992
2000-07-01,0.4,0.23201856148492,4.0,-0.002900824666426035,6.528216656076694,6.05,4.7,0.11202176067473152,6.54,-1,-4.333929235667787,-12.677822907923566,2.559622298587182,1,-0.17687829697919932
2000-08-01,2.4,0.2609913057466027,4.1,0.0010558192010753577,6.857835777351147,5.83,4.8,-0.044964346517676404,6.5,1,0.21617734954540024,16.370648994313964,2.6913104477957894,1,-0.26530284702377394
2000-09-01,2.4,0.5208333333333119,3.9,0.016822507435761063,6.857835777351147,5.8,4.1,0.0727593542824283,6.52,-1,-1.3041300570590684,-6.109762143108714,0.575604865755339,1,0.42304327634434813
2000-10-01,2.4,0.1727115716753109,3.9,-0.002239957652377291,6.502341669547893,5.74,4.3,0.022765210773012426,6.51,1,-3.3744395572200667,3.036536930188325,2.958023410429555,1,-0.3685631843342807
2000-11-01,-1.3,0.0574712643678088,3.9,-0.0032480008877916132,6.857835777351147,5.72,4.3,-0.05848329337509169,6.51,-1,1.9791534734296983,3.5763709284570897,-1.2161088251111316,1,0.02202072538859401
2000-12-01,-1.3,-0.0574382538770748,3.9,-0.0008626001767154445,6.857835777351147,5.24,4.1,0.11068721267491431,6.4,1,0.6633523495633877,-28.93564135712755,-5.054456582145021,1,-0.3396272841472703
2001-01-01,-1.3,0.632183908045972,4.2,0.010973290185957552,6.515291782425905,5.16,4.5,-0.04899364366957456,5.98,1,-2.378852186272228,11.054187439982382,0.8724155660338425,1,-0.49260550301746253
2001-02-01,2.5,0.39977155910909,4.2,-0.00021879208920742767,6.857835777351147,5.1,4.6,0.02843793532053341,5.49,-1,0.4878058453432773,-4.174452544746737,1.3391652968432441,1,-0.6591519499231646
2001-03-01,2.5,0.2275312855517489,4.3,-0.008367857797286112,6.857835777351147,4.89,4.9,-0.02523793258986265,5.31,1,-3.5044530713121373,-3.299842233875349,4.67431850883845,1,-0.24823328232099762
2001-04-01,2.5,0.3972758229285,4.4,0.01564118899037101,6.570923577761266,5.14,4.8,-0.032470385030784046,4.8,1,2.3372711462283298,11.984683467505574,-1.3812255788804106,1,-0.3515322567360535
2001-05-01,-1.6,0.4522328999434579,4.3,0.002447076113000742,6.857835777351147,5.39,4.3,-0.026757449169549304,4.21,-1,0.6793760797405292,5.068357107543794,2.819247313985528,1,-0.526458478439118
2001-06-01,-1.6,0.16882386043895,4.5,-0.0038975163994291124,6.857835777351147,5.28,4.2,-0.0033955890011381604,3.97,-1,1.8632922153560338,-11.778303565638351,0.3353738366048834,1,-0.5313497457919203
2001-07-01,-1.6,-0.2808988764044881,4.6,-0.0032041177250106993,6.561610412945142,5.24,5.4,-0.0022701485345391855,3.77,1,-1.5628225057296858,-5.477043370136401,-1.935407971248973,1,-0.6080344304090657
2001-08-01,1.1,0.2609913057466027,4.9,0.006806737433850477,6.857835777351147,4.97,6.5,-0.01603699890981696,3.65,-1,2.8649958805119033,6.73444229519526,-3.261347153076071,1,-0.08763357957398688
2001-09-01,1.1,0.450704225352114,5.0,-0.019118173957891952,6.857835777351147,4.73,6.9,-0.015125361070755992,3.07,-1,6.643859168185467,-12.70075792185224,-0.008817175864284437,1,-0.5407315185571582
2001-10-01,1.1,-0.33651149747618,5.3,0.06470965005918385,6.562946792178419,4.57,2.9,0.02088242936082368,2.49,1,-4.74866662659879,-13.267191685180398,1.2704424608911478,1,-0.30425746180711144
2001-11-01,3.4,-0.168823860438935,5.5,-0.025545916728721956,6.857835777351147,4.65,3.4,0.0590700947891814,2.09,1,-1.8951925415866866,-6.228284421390626,1.0996257821515947,1,-0.5871833186094522
2001-12-01,3.4,-0.394588500563707,5.7,-0.011933934658824486,6.857835777351147,5.09,3.7,0.057819570888826236,1.82,-1,1.6445658439807196,3.893934570563842,0.5324643291340313,1,-0.03891404774366558
2002-01-01,3.4,0.2263723825693279,5.7,-0.0006946244459174862,6.538371345444921,5.04,5.6,-0.10660973505825826,1.73,-1,1.2822971784314958,-3.68516622751545,2.9205316767156058,1,0.6961724176397066
2002-02-01,2.5,0.395256916996071,5.7,0.00543829454043726,6.857835777351147,4.91,5.4,0.07443259478276974,1.74,-1,4.836031220888329,10.624646302796705,-0.877308547108129,1,-0.0063303015710336474
2002-03-01,2.5,0.562429696287966,5.7,-0.0027822879065904915,6.857835777351147,5.28,5.5,-0.0267252677521696,1.73,1,2.0361184052960493,19.490033900081496,-0.45420214345008975,1,0.7559536863905647
2002-04-01,2.5,0.559284116331084,5.9,0.01595231832039598,6.4766415389427054,5.21,5.4,0.01398624197473987,1.75,-1,1.8982733317951468,2.099714475493575,-2.9342167472165586,1,0.47595271888833945
2002-05-01,1.6,0.2609913057466027,5.8,-0.01353143075633253,6.857835777351147,5.16,6.1,0.04389419355722535,1.75,1,5.7023320693018515,-7.93818003181288,-2.9781936779138225,1,0.42891903692543476
2002-06-01,1.6,0.0556173526140231,5.8,0.008460308044948909,6.857835777351147,4.93,6.1,-0.02170627858186306,1.75,-1,-3.7757995359153833,4.518058022981563,-5.2324710273777795,1,0.8214840084149744
2002-07-01,1.6,0.111172873818774,5.8,0.010430085016610994,6.446506811213557,4.65,5.3,-0.0010454784015529453,1.73,-1,-3.5278739413069187,-0.5488057678775069,1.217699572445669,1,-0.033085705210766925
2002-08-01,0.5,0.333148250971684,5.7,0.007769727013207448,6.857835777351147,4.26,5.2,0.0589002710997272,1.74,1,2.985780777057741,7.677176163526095,-0.4011386506851571,1,-0.1027099541501042
2002-09-01,0.5,0.16602102933039,5.7,-0.014594276863767049,6.857835777351147,3.87,5.8,0.029156584291455487,1.75,-1,3.394951215625465,4.5543267136177095,-0.10287585662987389,1,0.09585811232406538
2002-10-01,0.5,0.165745856353599,5.7,0.004034705275770916,6.366049396902665,3.94,5.6,-0.03707741778289948,1.75,1,-1.808875143371163,-11.13688678739409,-0.21544666663521583,1,-0.26313669979136645
2002-11-01,2.1,0.2609913057466027,5.9,0.00656733162716553,6.857835777351147,4.05,5.6,0.017734454939768475,1.34,-1,0.12580596092376797,-2.2013467537178832,-0.2441086556281744,1,0.5485692287950705
2002-12-01,2.1,-0.220628792057364,6.0,0.008414363202469275,6.857835777351147,4.03,5.3,0.02316705928153438,1.24,-1,8.982317793587438,13.024699056778601,-4.351644664135671,1,-0.5545977928306023
2003-01-01,2.1,0.442233278054161,5.8,0.004416202155253713,6.314963710418258,4.05,5.3,-0.04788408623243396,1.24,1,5.614431620005029,8.170539678516263,-1.9231361927887534,1,0.8256389491827498
2003-02-01,3.6,0.770500825536602,5.9,-0.013918695409084957,6.857835777351147,3.9,5.2,-0.06513930217096149,1.26,1,-5.070017667917717,5.291577167136836,-0.20038079042257106,1,0.12464764546522566
2003-03-01,3.6,0.600764609502999,5.9,0.017559839240526877,6.857835777351147,3.81,4.9,0.06513930217096145,1.25,1,-3.637293594613321,-18.76421821335592,-0.8358979131320906,1,-0.2738615130875921
2003-04-01,3.6,-0.2171552660151869,6.0,-0.0024496358915174674,6.324670741730068,3.96,5.0,0.012929071198857374,1.26,1,0.3254440742238876,-13.785059870719273,-1.7239168194001397,1,-0.6258200495381394
2003-05-01,6.8,-0.163220892274219,6.1,0.002736441970398006,6.857835777351147,3.57,5.3,0.06317890162153167,1.26,-1,7.3717575896567435,10.569829644131143,-4.095490454250943,1,-0.03439082351093248
2003-06-01,6.8,0.108991825613079,6.3,0.01079139920974899,6.857835777351147,3.33,5.1,0.10136367062897367,1.22,-1,-5.079519113994192,7.3592207385308726,1.5317818914573518,1,0.13230088495574943
2003-07-01,6.8,0.1088731627653789,6.2,0.010362442963933205,6.326238914593377,3.98,5.9,-0.02117825870974378,1.01,1,2.269094856798515,0.14109349783349007,2.2545574509469613,1,0.5162417863092683
2003-08-01,4.7,0.380641653072316,6.1,0.016581987525259998,6.857835777351147,4.45,5.7,0.03201621389895835,1.03,1,5.810649287575577,3.871897400642472,1.2411052174404655,1,-0.21277788340959836
2003-09-01,4.7,0.3250270855904669,6.1,-0.006113337013353291,6.857835777351147,4.27,4.9,-0.06420690117101029,1.01,-1,2.5760394091981476,-6.587319688512173,-5.500207877260265,1,0.6482857215235116
2003-10-01,4.7,-0.107991360691145,6.0,-0.0036807727944172313,6.317796256218361,4.29,5.0,0.01142869582362285,1.01,1,-0.28586298052970427,0.32543872512297506,-0.1293242986580041,1,0.13459995907285638
2003-11-01,2.3,-0.2702702702702639,5.8,0.012124008839470766,6.857835777351147,4.3,5.0,-0.04560468376320465,1.0,-1,3.5535436284748596,2.6715747379047055,-2.7330078805725355,1,0.6793078840586553
2003-12-01,2.3,-0.108401084010841,5.7,-0.0036367572968101333,6.857835777351147,4.27,5.0,0.03240607597312348,0.98,1,4.25334514075365,5.869989259862988,-3.737381061818046,1,0.05069116920755068
2004-01-01,2.3,0.48833423765599,5.7,0.005990343229667595,6.238459381584437,4.15,4.6,0.03138880185013894,1.0,-1,-3.1791404571247526,-3.3364510076330234,0.3216175526705163,1,0.16664279855751474
2004-02-01,3.1,0.5399568034557121,5.6,0.0068928343127685,6.857835777351147,4.08,4.6,-0.005163522660049269,1.01,-1,-1.5777938128491975,9.941415273270678,0.12606729077824114,1,0.6202965986040754
2004-03-01,3.1,0.644468313641263,5.8,0.01756835279419509,6.857835777351147,3.83,4.5,0.09617262056498341,1.0,-1,7.370219935386762,-2.2592740058163057,0.3430142855556042,1,-0.3904219075452575
2004-04-01,3.1,0.320170757737461,5.6,-0.010786495962536426,6.132232505018907,4.35,4.9,-0.07314388434706441,1.0,-1,-9.771663731194295,9.007449002630894,3.2233685129592544,1,0.3878457003051894
2004-05-01,3.8,0.585106382978719,5.6,0.017240606899554912,6.857835777351147,4.72,4.8,0.045331205646936414,1.0,1,2.2498712014229807,5.912219716722725,-1.761668928800613,1,0.7414767314310566
2004-06-01,3.8,0.317292437863566,5.6,-0.012638947149306084,6.857835777351147,4.73,5.4,-0.05040306774489674,1.03,1,-0.329197562425763,-5.854231892540549,-0.11254925217345915,1,-0.7687170418178346
2004-07-01,3.8,-0.158144438587237,5.5,0.011337012730337553,6.0529640801955535,4.5,4.7,-0.0811732900438225,1.26,-1,-0.8149796795527295,14.866984896716826,1.2978477092990532,1,0.7377367816327141
2004-08-01,4.1,0.0527983104540587,5.4,0.001342690539054178,6.857835777351147,4.28,4.7,0.0769269991623715,1.43,1,4.6955810051419276,-1.0547561370657,-1.140314200856452,1,0.08540868966606663
2004-09-01,4.1,0.211081794195252,5.4,0.017379148491356865,6.857835777351147,4.13,4.1,0.03265254504118413,1.61,1,2.028810076789374,15.778672019356039,-1.781001077254712,1,0.11235703048484424
2004-10-01,4.1,0.526592943654557,5.5,0.006666599234993313,5.9341214103254485,4.1,3.9,0.07228234813735016,1.76,1,2.4328077477958363,5.454371969663603,-2.856010229873124,1,0.8899528779445998
2004-11-01,4.5,0.0523834468308086,5.4,0.0033487357440988358,6.857835777351147,4.19,3.4,-0.10153641921942283,1.93,1,5.094905126682542,-7.347996949547109,-3.707015951001966,1,0.2453222233383956
2004-12-01,4.5,-0.366492146596853,5.4,0.012241895466527918,6.857835777351147,4.23,6.2,0.05205636195605313,2.16,-1,-2.8110688386352547,-11.761825028895116,-1.1926126478136643,1,0.7805783663760613
2005-01-01,4.5,0.2101944298475959,5.3,-0.009622067364062096,5.943819851638712,4.22,2.7,-0.031904546518745226,2.28,-1,-3.681967504340821,12.658692027171165,3.3089017990228995,1,0.3527263021828153
2005-02-01,2.0,0.576822233875206,5.4,0.013087253565660187,6.857835777351147,4.17,2.3,0.09205543674263564,2.5,1,3.041306349533931,8.632153399231724,-1.2765105897092837,1,0.7221639887983189
2005-03-01,2.0,0.782064650677772,5.2,0.0016651494155880099,6.857835777351147,4.5,2.5,0.006800177319064641,2.63,-1,-1.689855026724279,8.111776191373146,1.8611331460718818,1,-0.14124337662794195
2005-04-01,2.0,0.672529746508014,5.2,0.00895906100460231,5.9157545231234785,4.34,2.1,-0.052562330090855446,2.79,-1,1.4025150209672672,-6.075126457465306,0.4391959104437905,1,0.2076020511331489
2005-05-01,3.2,-0.1027749229187949,5.1,-0.006142128219553176,6.857835777351147,4.14,2.6,0.020424904852040942,3.0,1,-4.0280206077781235,-0.7071331764108063,3.868302728556626,1,0.09354817679363414
2005-06-01,3.2,0.0514403292181004,5.0,0.027933196191784446,6.857835777351147,4.0,2.0,-0.009375068665456045,3.04,-1,4.280923375061305,9.130597273575916,1.5041278765577584,1,0.4375286249381105
2005-07-01,3.2,0.462724935732656,5.0,0.007466287395613513,5.790213961319709,4.18,1.4,0.08642250662223519,3.26,1,-1.3174812084147391,6.596562396822639,0.2914146872884561,1,-0.3176586723596886
2005-08-01,2.2,0.5117707267144339,4.9,-0.009477040213697696,6.857835777351147,4.26,2.0,-0.10144849118845956,3.5,-1,1.2485711333322669,12.120203402658035,-2.0008580232184703,1,0.3291005651607781
2005-09-01,2.2,1.22199592668025,5.0,0.0018886516309347253,6.857835777351147,4.2,2.0,-0.008803578266759522,3.62,1,7.543652725863911,-5.426618665095599,2.1909402630417576,1,-1.937043014294193
2005-10-01,2.2,0.201207243460752,5.0,0.00040985215375481264,5.6104164038467434,4.46,2.3,0.07134808079746621,3.78,-1,-0.8796298517604298,-8.855923180034265,0.6125081791981661,1,1.2224433332913565
2005-11-01,5.5,-0.8032128514056259,5.0,0.009337346665311197,6.857835777351147,4.54,2.6,-0.09575938247714749,4.0,1,5.822550840055099,-5.392380068917661,1.6516561323989376,1,1.0996349066943356
2005-12-01,5.5,-0.40485829959513,4.9,0.00023030529947915102,6.857835777351147,4.47,2.5,0.020383910009698858,4.16,-1,4.737144182511053,6.895654021844126,-0.43778115228292735,1,0.48276130853237564
2006-01-01,5.5,0.762195121951216,4.7,0.028171276756167186,5.660269362324455,4.42,3.0,-0.05388788124110068,4.29,1,9.566179724817248,11.23048120082001,-2.453906509453919,1,0.1579017742770139
2006-02-01,1.0,0.20171457387795,4.8,-0.007373245750653221,6.857835777351147,4.57,3.2,-0.10120486177405864,4.49,-1,-1.3003854347556663,-6.624730967880948,1.2844315744673838,1,0.0424959491271526
2006-03-01,1.0,0.55359838953198,4.7,0.0026999992471316717,6.857835777351147,4.72,3.3,0.05053900432727318,4.59,1,3.860067068962711,6.503426934810771,-0.4225984936979524,-1,0.226752518878226
2006-04-01,1.0,0.8508508508508341,4.7,0.00493067773302993,5.648981280389931,4.99,3.1,0.0062528117971868535,4.79,1,11.446313965986532,9.529638679600055,-4.117961260189252,-1,0.2960627616465983
2006-05-01,0.6,0.496277915632743,4.6,-0.0020136481128673364,6.857835777351147,5.11,2.9,-0.03350245424456247,4.94,-1,-1.4204281507483627,-2.925126332958733,-1.6273847414922775,-1,0.02513107680586213
2006-06-01,0.6,0.1975308641975319,4.6,0.0032886342355747944,6.857835777351147,5.11,2.9,-0.011111225425070722,4.99,1,-4.65569188635606,4.308615285495447,0.5180138732127701,-1,0.3367528675661591
2006-07-01,0.6,0.295712173484489,4.7,0.0031441609977509908,5.540321925503165,5.09,2.3,-0.10701717372982404,5.24,1,3.3373686472073034,2.206466481298713,0.16426144723547564,-1,-0.06532727247026138
2006-08-01,3.5,0.196560196560197,4.7,0.004682534674434199,6.857835777351147,4.88,2.5,0.07002860436048355,5.25,1,-1.4952218756868867,-6.742580798512841,-0.2935135655762697,-1,0.43404856372968315
2006-09-01,3.5,-0.490436488474757,4.5,-0.0048078886254066195,6.857835777351147,4.72,2.4,-0.01852807756104224,5.25,1,-4.733259470671142,-11.721380268242461,1.145675379138598,-1,-0.1811785559435397
2006-10-01,3.5,-0.542138984721521,4.4,-0.0013910902785922745,5.830050888925708,4.73,2.4,-0.07668548855304755,5.25,1,1.3777294858494682,-5.680071627883247,-0.828717903010698,-1,-0.10249474424688376
2006-11-01,1.2,-0.148662041625379,4.5,0.002240403986748379,6.857835777351147,4.6,2.7,0.06380764837655586,5.25,-1,6.602110109779398,8.489156443511451,-2.817087696669622,-1,-0.026835373057088052
2006-12-01,1.2,0.148883374689833,4.4,0.012348772958499924,6.857835777351147,4.56,2.6,-0.00499751165047151,5.24,-1,-1.7592109329294934,-5.43612092188875,0.8403410796379599,-1,1.0254671466038534
2007-01-01,1.2,0.305252725470763,4.6,-0.0003134684206237289,5.825324362892374,4.76,2.4,-0.11340884884065472,5.25,1,2.5584774073330308,-5.853184114330428,1.1292839179344465,-1,-0.35749781495817423
2007-02-01,2.5,0.5350367559876621,4.5,0.0010719852817740252,6.857835777351147,4.72,2.8,-0.07333127308554963,5.26,-1,2.4423731135596634,7.53143124257495,-1.224966259883279,-1,0.964366555527274
2007-03-01,2.5,0.910569585108543,4.4,0.008621922102209273,6.857835777351147,4.56,3.0,0.006020487781583025,5.26,1,-0.8326192946032543,9.561859740419644,-0.7687725550232285,-1,0.17732925853335413
2007-04-01,2.5,0.6496162686508891,4.5,-0.002648141236226739,5.805851579559617,4.69,3.0,0.06281134014273673,5.25,1,2.1829885306087857,-0.6629858538669464,-1.8044376505911224,-1,0.6710923810052449
2007-05-01,2.3,0.61107186747047,4.4,0.012880017324305784,6.857835777351147,4.75,2.8,-0.052064968067252755,5.25,-1,-2.6813660629581864,0.5748412910864052,1.0430756320291008,-1,0.05375481307403618
2007-06-01,2.3,0.193797517660565,4.6,-0.0075228203154667885,6.857835777351147,5.1,2.7,-0.059956792607478715,5.25,-1,-1.6563367633634667,4.83421480333575,-0.46400969862944635,-1,0.027354962121250992
2007-07-01,2.3,-0.0254377207802054,4.7,0.003957888945830711,5.855329768613345,5.0,2.6,-0.01909669745645636,5.26,-1,2.2300098342450085,7.601664620510616,-1.4137551836992823,-1,-0.15680534200583907
2007-08-01,2.5,-0.183390222708711,4.6,0.004707339063948789,6.857835777351147,4.67,2.2,-0.10707578194458128,5.02,1,1.3457140880039737,-5.8250738269580715,0.025996373033425724,-1,0.1960681923202312
2007-09-01,2.5,0.275590740535893,4.7,0.0040605946201022185,6.857835777351147,4.52,2.3,-0.018773114507925,4.94,1,9.931226029605375,8.53936156867983,-3.8765815459054513,-1,0.24435981171020416
2007-10-01,2.5,0.213919132812117,4.7,0.006469244303931463,5.853193367992897,4.53,2.2,0.05804884980763416,4.76,-1,6.910045042309938,13.51878448833478,-1.6083564381629,-1,-0.2925169801104244
2007-11-01,-1.7,0.5939617873415811,4.7,0.009470347874125632,6.857835777351147,4.15,1.9,-0.1258970206128493,4.49,-1,-1.6768830301163464,-2.6498280225289053,-0.43505107078120714,-1,0.5628434761905776
2007-12-01,-1.7,-0.0670863129647814,5.0,-0.012114472111532283,6.857835777351147,4.1,2.4,-0.034924184236073956,4.24,1,6.203874944734285,6.141075919111661,0.7170834564028596,-1,0.05840532907048779
2008-01-01,-1.7,0.4970576472604689,5.0,0.002502889767967029,5.7261830315984605,3.74,2.6,0.012841267948324658,3.94,-1,10.51085947596555,-1.7629178481467964,-1.99778822378005,-1,-0.12427109284253168
2008-02-01,2.4,0.290411218495348,4.9,-0.009110332611478773,6.857835777351147,3.74,3.0,-0.05575214163519523,2.98,1,5.032640879093025,8.210110177012512,-1.9665894512526108,-1,-0.3658370639837982
2008-03-01,2.4,0.866821293098967,5.1,0.002449710993562444,6.857835777351147,3.51,2.9,-0.10292765210171885,2.61,1,-6.031021391129849,0.19960086467148783,-2.6280409630311206,-1,-0.3191334661746037
2008-04-01,2.4,0.6064778389719561,5.0,-0.00046423200626571264,5.709234253334446,3.68,2.4,0.0018674141747954624,2.28,1,-4.386448128215594,10.460250161821977,0.9798361267753822,-1,-0.685455412870084
2008-05-01,-2.1,0.8420886031756311,5.4,0.009254575755130778,6.857835777351147,3.88,6.8,-0.06155789299943332,1.98,-1,1.0147191740563553,13.754183858808775,0.5089839584867882,-1,-0.6171381385017494
2008-06-01,-2.1,1.0076996934894,5.6,0.001113634696768649,6.857835777351147,4.1,4.6,-0.03431214498877882,2.0,-1,4.294495095863664,9.011736387856219,-0.5724444909258637,-1,-0.2604520360798057
2008-07-01,-2.1,0.525101112812213,5.8,-0.0037711640144159767,5.6722574072483445,4.01,3.6,-0.020747632194248543,2.01,1,-1.2286101813126078,-12.030713677898603,1.048811865413953,-1,-0.4539774593282697
2008-08-01,-8.5,-0.3991562255641739,6.1,-0.007370350309243719,6.857835777351147,3.89,3.1,-0.0921704597996571,2.0,1,-9.512969067830475,-8.348331354337635,5.517706700790375,-1,-1.5794704051724229
2008-09-01,-8.5,-0.1383018540664549,6.1,-0.015033848190635345,6.857835777351147,3.69,3.9,-0.004608303086194219,1.81,-1,4.677428594200235,-14.993627902596696,2.636144717621638,-1,-4.385834923366705
2008-10-01,-8.5,-1.01013332845789,6.5,-0.038296751828508495,6.108291570374557,3.81,4.9,-0.09692811613322865,0.97,-1,-18.50003813234181,-40.74024016021658,7.496800327389429,-1,1.0056906119866316
2008-11-01,-4.5,-1.9152895328595805,6.8,-0.0392943806917138,6.857835777351147,3.53,6.0,-0.010230268250814922,0.39,1,12.233927082903296,-19.980354755910547,1.0270203544946765,-1,-1.3088038434472482
2008-12-01,-4.5,-1.03424738142875,7.3,-0.02162299540528817,6.857835777351147,2.42,5.8,-0.0313341561704355,0.16,1,7.532528431332924,-15.980632631780868,-6.209651372318292,-1,-2.8254899921404064
2009-01-01,-4.5,0.435241737542101,7.8,0.014463197918626797,6.487763162993393,2.52,5.9,-0.1151340274848065,0.15,-1,5.062133804793295,0.6340898035819906,5.60912555822108,-1,-2.48867330342305
2009-02-01,-0.7,0.4972933035904749,8.3,-0.004023767334075785,6.857835777351147,2.87,5.4,0.10178269430994238,0.22,-1,1.5474837860181307,1.0191999750694205,2.309205115820814,-1,-0.5977060399768197
2009-03-01,-0.7,0.24317484554154,8.7,-0.01752276457435615,6.857835777351147,2.82,5.8,-0.09289374689269633,0.18,1,-2.4678021050678636,6.028190175824499,-2.973039227360718,-1,-1.5642680691688615
2009-04-01,-0.7,0.2496368277787989,9.0,0.0048555606750320885,6.5788011107297155,2.93,6.5,-0.005917177028088507,0.15,1,-3.4469955741848515,3.139316081432695,-0.9597589608851497,-1,-0.784790832310811
2009-05-01,1.4,0.288876383417745,9.4,0.00872591202698728,6.857835777351147,3.29,7.8,0.10950621303753288,0.18,-1,9.751854385486855,25.445908496037767,-6.425649568881369,-1,-0.9869414141225774
2009-06-01,1.4,0.8589892263953359,9.5,0.01669427428439064,6.857835777351147,3.72,6.1,0.04422046847936674,0.21,-1,-5.530144098745602,5.608946665104358,0.9844512384651897,-1,-0.31668071520397634
2009-07-01,1.4,-0.158558692215323,9.5,0.0018636101807538428,6.483177685375148,3.56,5.4,0.044783602626973444,0.16,1,2.9249625722872086,3.4045841409717283,-2.254007590714483,-1,1.193628313567463
2009-08-01,4.4,0.224285004481049,9.6,0.017902498691920628,6.857835777351147,3.59,4.4,0.016888218028521796,0.16,-1,-0.2949839163141645,-2.900804737975996,-0.22361511755388713,-1,1.1133765068220614
2009-09-01,4.4,0.0625480693495817,9.8,-0.023822778007003675,6.857835777351147,3.4,5.5,-0.0796440630599254,0.15,1,5.771195300121196,-0.8362217124933374,-1.9622783672667108,-1,0.8573476470839392
2009-10-01,4.4,0.0963101185818578,10.0,0.00925375743968547,6.404881290337094,3.39,5.1,0.025576841789649776,0.12,-1,3.6776908431075404,8.503074785491279,-0.4615805204752034,-1,0.22750654882408572
2009-11-01,1.9,0.0707753368767079,9.9,0.007932650860738853,6.857835777351147,3.4,5.5,-0.05448818528406968,0.12,1,12.075341525024143,4.25651551835877,-1.8799460911104175,-1,0.40865074462581585
2009-12-01,1.9,-0.176119816946313,9.9,0.004915665987856376,6.857835777351147,3.59,5.4,-0.06329485037231375,0.12,-1,-7.263988039920516,-0.6905398283912165,3.903886480300246,-1,0.34296578984474024
2010-01-01,1.9,0.34174735701485,9.8,-0.0005289315561612722,6.343620294844888,3.73,5.6,-0.020086758566737344,0.11,-1,-1.4489414166176,-8.667313526020605,2.03665777841901,-1,1.075811079732203
2010-02-01,3.9,0.024920738207648,9.8,0.0024111600692913737,6.857835777351147,3.69,5.3,-0.026433257068155483,0.13,1,3.3103045755259917,8.230070031059423,1.1262507674514592,-1,0.3530676748548345
2010-03-01,3.9,0.4106283536571079,9.9,0.021103940429193446,6.857835777351147,3.73,5.3,0.1256882151634967,0.16,1,-0.3890915955740666,6.378104912378764,0.8808555731288821,-1,0.7049916987506899
2010-04-01,3.9,0.173688491069743,9.9,0.009093872273747635,6.28325691072757,3.85,6.0,0.1022059389093108,0.2,-1,5.740840130445409,5.573324183863748,0.9733780876941791,-1,0.36067879949766013
2010-05-01,3.1,0.0775197354237721,9.6,-0.009237902028849545,6.857835777351147,3.42,6.4,-0.41021571086676223,0.2,-1,3.112139711812486,-15.814231988308364,5.607747358836389,-1,1.3715348211986056
2010-06-01,3.1,-0.0976267084673888,9.4,-0.001189744599620374,6.857835777351147,3.2,6.2,0.08552217343816193,0.18,1,2.1215431205433974,0.48109139963455294,-0.6593035753032878,-1,0.22017112061538668
2010-07-01,3.1,0.0211043057371509,9.4,0.0030210479747701,6.261684413839118,3.01,6.1,-0.07486487896417399,0.18,1,-5.066735763246241,4.139242238326384,-5.3486768688219914,-1,0.3825760337224038
2010-08-01,2.1,0.138066427840807,9.5,0.004868078205372652,6.857835777351147,2.7,6.2,-0.0035398267051240623,0.19,-1,5.469984789466007,-4.633730382572045,2.018995260342588,-1,0.3671349706085847
2010-09-01,2.1,0.0581736230715569,9.5,0.00813352215858321,6.857835777351147,2.65,6.1,0.11699470293916704,0.19,1,4.785062676516746,9.781605044546435,-5.537413325578414,-1,0.28047294845432447
2010-10-01,2.1,0.1245198888476959,9.4,0.011372122534754002,6.317991060008271,2.54,5.9,-0.08557850670578815,0.19,-1,3.8131414055348145,1.0153598654384204,-1.8643238671375104,-1,-0.2692419117037326
2010-11-01,-0.9,0.0420646423819507,9.8,0.009806791621428064,6.857835777351147,2.76,5.8,-0.013841051411871355,0.19,-1,1.954440623587993,3.27704251216179,4.959965484442791,-1,0.07051584554760293
2010-12-01,-0.9,0.1718440789203089,9.3,0.005672463898635701,6.857835777351147,3.29,6.2,0.12741516560708652,0.18,1,2.505446924437713,9.782521320198123,-2.7051448865892094,-1,0.9960223851444905
2011-01-01,-0.9,0.4763230053974139,9.1,0.007293076672438854,6.233563307937797,3.39,6.6,-0.06004963377951049,0.17,-1,-6.445034904810752,6.397767787855718,-1.6496613649454686,-1,-0.21657926566058805
2011-02-01,2.7,0.493136502545162,9.0,0.008505014727600629,6.857835777351147,3.58,6.9,-0.12842578858882245,0.16,1,5.734056984644202,10.149203887990584,-1.0942783034592922,-1,-0.4116120866612727
2011-03-01,2.7,0.975107203050938,9.0,0.009260566523197632,6.857835777351147,3.41,6.3,0.10536051565782635,0.14,-1,1.4679201381710192,4.853457311372757,-1.3512834421430302,-1,1.0364014644452801
2011-04-01,2.7,0.643942953545699,9.1,0.004820518505893864,6.20849344195567,3.46,6.3,0.03278982282299097,0.1,1,8.784308427662507,7.016237594344164,-3.930877746032077,-1,-0.3312815797651192
2011-05-01,-0.1,0.470418752723364,9.0,-0.0008180346845185516,6.857835777351147,3.17,6.3,-0.01626052087178029,0.09,-1,-1.8048969843181735,-7.554493411359603,2.3108549410698425,-1,0.12300188666956036
2011-06-01,-0.1,-0.107096705669922,9.1,0.008171269026550281,6.857835777351147,3.0,6.5,-0.013201511858535842,0.09,-1,-2.3420737115405452,-3.7088147602217125,-0.4498433136862369,-1,0.29539640170925807
2011-07-01,-0.1,0.0886045666793554,9.0,-0.000796366522108923,6.236238466147439,3.0,6.7,-0.016750810424815354,0.07,-1,8.118345826345873,3.7173811713290186,-0.5479096028243452,-1,0.474751008247809
2011-08-01,4.6,0.27575889023645,9.0,0.002228230027717437,6.857835777351147,2.3,6.7,0.010084119066626008,0.1,-1,11.511275232249394,-1.6322310640537752,0.297269396151684,-1,0.6366420518160387
2011-09-01,4.6,0.151846211569461,9.0,0.0100511959202169,6.857835777351147,1.98,6.4,0.01658412801553526,0.08,-1,-11.7118388461338,-11.123075689342429,5.812863051410151,-1,-0.07676340257462
2011-10-01,4.6,-0.206268263335836,8.8,0.005881007920242842,6.165955524786749,2.15,6.3,0.03871451218069043,0.07,1,5.447521516931339,6.407617215319449,-3.0858387313956506,-1,0.699504548305474
2011-11-01,3.4,-0.084356133044206,8.6,0.0036383368326525396,6.857835777351147,2.01,6.4,0.0372713947972316,0.08,-1,1.828975731583236,0.8724155660338425,2.870465600360445,-1,-0.01180907752292848
2011-12-01,3.4,-0.2466516377138169,8.5,0.0006029760627464032,6.857835777351147,1.98,7.2,0.03886886889937299,0.07,1,-10.969958116725255,-2.8822555060792365,2.26293381307599,-1,0.525827307902138
2012-01-01,3.4,0.440019142826751,8.3,0.010061344451689349,6.164940849726555,1.97,7.4,-0.01775194545845034,0.08,1,10.476861319834041,3.297605990333182,-1.1162369922571598,-1,0.6015747409308991
2012-02-01,1.8,0.4402973551276311,8.3,0.012141863658028844,6.857835777351147,1.97,7.3,0.08850280157629978,0.1,-1,-2.3876377345069253,10.006629530008235,-0.6973608390842365,-1,0.31697146016669286
2012-03-01,1.8,0.7594558623930859,8.2,0.0031651081645351037,6.857835777351147,2.17,7.6,-0.033336420267591836,0.13,-1,-1.7005322253695845,0.17919692015243327,0.3385299383046431,-1,-0.5205725576977294
2012-04-01,1.8,0.302102950408034,8.2,-0.003984829505195273,6.239891755823357,2.05,7.9,0.0,0.14,-1,-0.20402659422289315,-2.814297557022958,-0.2890102151110517,-1,0.714678508588884
2012-05-01,0.6,-0.117347936632105,8.2,-0.001982101676016517,6.857835777351147,1.8,7.9,0.044206092504495705,0.16,-1,-6.466227109793082,-15.936780322715736,5.275016398713734,-1,0.21439368232718525
2012-06-01,0.6,-0.146639688445049,8.2,-0.009021482342489857,6.857835777351147,1.62,7.9,-0.027398974188114388,0.16,1,2.33959169645297,-4.077291356120343,-1.7198456339129138,-1,0.01775096322060854
2012-07-01,0.6,-0.162978586182561,8.2,0.004569983817434092,6.318897841007093,1.53,7.0,0.024692612590371414,0.16,-1,1.066625305795653,7.027357795790122,1.2273229999280548,-1,0.19963724701672625
2012-08-01,0.5,0.556515818143709,8.1,0.012015882085088093,6.857835777351147,1.68,6.7,0.016129381929883717,0.13,1,4.674774383874814,8.798783490686155,-1.7419555110659715,-1,-0.4074887838200425
2012-09-01,0.5,0.4462212267611311,7.8,0.007791333769491674,6.857835777351147,1.72,7.2,0.026317308317373358,0.14,1,4.642732098109136,-1.9211024375358754,-1.579996006527469,-1,-0.053149165136612275
2012-10-01,0.5,-0.0388925140553232,7.8,0.0001973374254363245,6.331804295255684,1.75,7.8,-0.07271034788708394,0.16,-1,-2.954779933974053,-3.338317140301191,-0.020018266735196494,-1,0.3182417094126144
2012-11-01,4.0,-0.4738086694881879,7.7,0.0046041582665238955,6.857835777351147,1.65,8.7,0.09072885338976219,0.16,1,-0.33007076709257566,2.3008335476774127,0.29236864246697325,-1,0.38685096343629155
2012-12-01,4.0,-0.269306449020735,7.9,0.0033260935129696403,6.857835777351147,1.72,10.9,0.017699577099400857,0.16,1,-2.3379320069515463,-0.10794280080205691,-0.4802350370829893,-1,0.28598159095645226
2013-01-01,4.0,0.295730419292604,8.0,0.008406687098339725,6.360777296511668,1.91,4.9,0.11135753513020065,0.14,1,-0.6978060989248127,3.918263512447247,-0.7070279050200596,-1,-0.015073063620563154
2013-02-01,1.1,0.819002952926876,7.7,0.011814959758176813,6.857835777351147,1.98,4.7,0.00223964259350466,0.15,-1,-5.186605655660467,-3.675555855886726,3.4032423799705986,-1,0.47854005557503854
2013-03-01,1.1,0.261450858437495,7.5,-0.0071934532132686335,6.857835777351147,1.96,4.8,-0.006734032181344068,0.14,1,1.1261926142597314,-1.2285610714210495,1.2454306803405115,-1,0.4091505361737191
2013-04-01,1.1,-0.103963947708716,7.6,-0.005459002118113691,6.362448625330566,1.76,5.1,-0.006779686985378804,0.15,-1,-7.8623266938724745,-7.206846651563249,-1.4934530439594742,-1,-0.10348622371196825
2013-05-01,3.5,0.178040777358723,7.5,0.006185748968168638,6.857835777351147,1.93,5.3,-0.029921679865049157,0.11,1,-6.2096880847516704,-1.9531100228244211,1.973162531912876,-1,0.09480062054989524
2013-06-01,3.5,0.2399708085599499,7.5,0.002692323687792842,6.857835777351147,2.3,5.4,0.09360949912230754,0.09,-1,-11.702942863891343,1.747761102084861,-0.28706831876535294,-1,0.18558476872077012
2013-07-01,3.5,0.0393997533233011,7.3,0.006401542102127465,6.390202075716687,2.58,5.2,-0.22580666873369348,0.09,1,7.077495738700159,5.280937243805908,-2.04639313598658,-1,-0.32593545188016604
2013-08-01,3.5,0.12029315570472,7.2,-0.0017546656933417181,6.857835777351147,2.74,5.2,0.015873349156290163,0.08,-1,5.162265670095375,5.693657968328559,0.7765770748904456,-1,0.5975811613297077
2013-09-01,3.5,0.1163004485263469,7.2,0.0006634484472084011,6.857835777351147,2.81,5.3,0.05613718681998199,0.08,1,-4.8638592092588295,-5.073486591072459,-2.29943344536906,-1,0.5340251302396126
2013-10-01,3.5,-0.257528325980464,7.2,0.0038069064892593558,6.467737545226658,2.62,4.7,0.09688800048554173,0.09,1,-0.45021172613703836,0.43276159801417496,-0.03241571941412715,-1,-0.11727537217184336
2013-11-01,-1.4,-0.204242419052338,6.9,0.0030151494691666777,6.857835777351147,2.72,4.5,0.004494389587839267,0.08,-1,-5.412726906077657,0.7779291508197143,0.6029544296669924,-1,0.2547453197428995
2013-12-01,-1.4,-0.008581149788259,6.7,0.005409668276660965,6.857835777351147,2.9,4.5,-0.029581224017574195,0.09,-1,-4.213267609588005,1.0068568889940586,-0.8026674087350234,-1,0.21545914363476637
2014-01-01,-1.4,0.3720247673236049,6.6,-0.008978343984458414,6.342043950931868,2.86,5.2,0.02283204204264569,0.07,-1,3.5086728374529073,-4.052119740563932,1.5817269755715264,-1,-0.3826688186183591
2014-02-01,5.3,0.369790865096873,6.7,0.013695272645187087,6.857835777351147,2.71,5.3,-0.053315058767721656,0.07,1,6.368694737034655,2.4784301033107417,-2.0124652797527074,-1,0.7572764849249847
2014-03-01,5.3,0.6440044126228239,6.7,0.010162572458928895,6.857835777351147,2.72,5.2,-0.03636764417087483,0.08,-1,-3.247297276717788,-1.2083345838542896,0.511919811746459,-1,0.989011098086201
2014-04-01,5.3,0.329675445315773,6.2,0.010196434070209743,6.350257247017716,2.71,5.4,-0.004950505159856203,0.09,-1,0.5893766502547508,0.2872633212965513,-0.7845929929744415,-1,0.08236398393999256
2014-05-01,5.0,0.34926098400487,6.3,0.0016548014903481532,6.857835777351147,2.56,5.6,0.11253077755599537,0.09,1,-3.299424136136675,1.2323128173624278,1.119860554899828,-1,0.40450841768366885
2014-06-01,5.0,0.186212694409411,6.1,0.002736621591399047,6.857835777351147,2.6,5.6,-0.07598590697792199,0.1,-1,6.028188712927139,2.6605708747344328,-0.7418357529259958,-1,0.33079288570332377
2014-07-01,5.0,-0.0390193964161093,6.2,0.0016337998191314185,6.377894633235611,2.54,5.5,-0.03902934390573523,0.09,-1,-3.428793463068454,-5.808024667638296,2.085282499567288,-1,0.21252244646481344
2014-08-01,2.0,-0.167051416579219,6.1,0.007692451038744493,6.857835777351147,2.42,5.3,0.12604072089536497,0.09,1,0.36810669175630795,-2.705580643203703,1.5736847620822683,-1,-0.15876196794798458
2014-09-01,2.0,0.0752568824311014,5.9,-0.0024123650473105406,6.857835777351147,2.53,5.5,0.030239885189718176,0.09,-1,-6.347227396744002,-8.61747889868231,3.780298838230077,-1,0.30156227772570876
2014-10-01,2.0,-0.2512277812553889,5.7,0.0037243058275412176,6.304984308007783,2.3,5.4,0.012685159527315642,0.09,1,-2.957684652137995,-9.767909734438538,1.1350807133398073,-1,0.01884561844229804
2014-11-01,3.6,-0.539941794106119,5.8,0.0026187292577840105,6.857835777351147,2.33,5.6,-0.07410797215372185,0.09,1,-0.4751495915549917,-20.20822562479445,1.6420467878078473,-1,0.6183888866766241
2014-12-01,3.6,-0.567010091001089,5.6,-0.006229005838980514,6.857835777351147,2.21,6.0,0.1172801440189306,0.12,-1,1.444906609146275,-20.18117596281787,2.141999319664475,-1,0.016699196314973186
2015-01-01,3.6,-0.470589237347324,5.7,-0.005451436610067914,6.312844900577364,1.88,6.3,0.03557687456710743,0.11,-1,8.060565284605232,-7.8720830415620595,4.901750109243263,-1,-0.794092752890263
2015-02-01,2.5,0.434304492377206,5.5,-0.0015489203681895653,6.857835777351147,1.98,6.4,0.0474022388945839,0.11,1,-5.65716291215647,16.634252173606537,0.5144753242716461,-1,-0.6378882464931679
2015-03-01,2.5,0.5951721611097321,5.4,0.014692318156834326,6.857835777351147,2.04,5.9,-0.11778303565638351,0.11,-1,-2.4709716546465574,-12.711455034559213,3.1647360973142593,-1,-0.3423846104138928
2015-04-01,2.5,0.2032873254587689,5.4,0.002422977875555807,6.343031215997675,1.94,5.9,0.04481401578979264,0.12,1,0.0675692821978112,19.207244662036445,-3.8946240621683907,-1,-0.5515444521839274
2015-05-01,1.6,0.509723202549469,5.6,0.0070792495686014595,6.857835777351147,2.2,5.8,0.0,0.12,1,0.522959569921971,-1.8437880639879514,2.4094279651831156,-1,-0.4524551619898176
2015-06-01,1.6,0.350286999852812,5.3,0.0010261167760808028,6.857835777351147,2.36,5.7,-0.04481401578979254,0.13,-1,-1.543030195847112,-3.0509528596312476,-1.4782588622286361,-1,-0.3063487731659542
2015-07-01,1.6,0.0067047159295661,5.2,0.007964668545658289,6.29149876671184,2.32,5.6,0.05275056538552896,0.13,1,-6.752559126242932,-19.718217785685553,1.9199743397770603,-1,0.6276204772503791
2015-08-01,0.7,-0.141627628281935,5.1,5.553636467053482e-05,6.857835777351147,2.17,5.6,0.023438572972017596,0.14,-1,3.5086284900457287,3.648392602453851,-1.5655734963041346,-1,-0.17093797266376498
2015-09-01,0.7,-0.155675657530359,5.0,-0.004626741330289712,6.857835777351147,2.17,5.8,-0.12748243274509696,0.14,1,-1.7635855879245612,-11.287818661210785,0.5474219338268775,-1,-0.2809253194472672
2015-10-01,0.7,-0.0449683750446447,5.0,-0.002648061033765243,6.318618503090201,2.07,5.8,0.05545130453621429,0.12,1,2.3942309693420363,2.430426992604995,0.616672759652649,-1,-0.4737014696968078
2015-11-01,2.3,-0.211068037908146,5.1,0.004093154435772999,6.857835777351147,2.26,5.6,0.044632154020768366,0.12,-1,-7.011861543998254,-10.522600762076841,3.2714620166771042,-1,-0.7185768643610091
2015-12-01,2.3,-0.341709643711866,5.0,0.004136390964016714,6.857835777351147,2.24,5.8,0.08004270767353636,0.24,-1,-0.34527074994202933,-17.95010593227829,-1.5483128806198334,-1,-0.49227346872278144
2016-01-01,2.3,0.165310220906868,4.8,-0.0071761851169466675,6.339233449733369,2.09,6.1,-0.07806054646954516,0.34,-1,5.242308661702981,-7.0565229004431576,0.9836789922519457,-1,0.4972353914364236
2016-02-01,1.3,0.0823076533454985,4.9,0.010057086304591503,6.857835777351147,1.78,5.6,0.023484445233069327,0.38,1,10.23090308310864,3.4793496894573672,-1.410417835965118,-1,-0.5188100053198363
2016-03-01,1.3,0.4306000143392679,5.0,-0.00318276788027946,6.857835777351147,1.89,5.9,0.028600614833215344,0.36,1,-0.4790777223425109,9.614386055290234,-3.7608751817679518,-1,-0.7679694955278427
2016-04-01,1.3,0.4741067979104,5.1,0.003934867157438667,6.377872549949346,1.81,5.5,0.0794641713542468,0.37,-1,4.812746914041186,19.50765650545832,-1.602864846641704,-1,0.3198744951025567
2016-05-01,2.9,0.404579099811517,4.8,0.0036639132691389277,6.857835777351147,1.81,5.3,-0.008718451039881047,0.37,1,-6.236749866137317,3.1898022299211135,2.973130463108874,-1,-0.22604148155670467
2016-06-01,2.9,0.3284366167281879,4.9,0.0105478789351113,6.857835777351147,1.64,4.9,-0.024823969728726237,0.38,-1,8.40626790020798,-0.020126798900588612,0.26245367450767176,-1,0.4850648669939117
2016-07-01,2.9,-0.161813640474981,4.8,-0.001782665851401308,6.391607182621954,1.5,5.1,0.11997492654091466,0.39,1,2.198219578673549,-15.703998135011327,-0.6396332190494625,-1,0.1151608149374983
2016-08-01,2.2,0.0918430107884498,4.9,0.001049910111952503,6.857835777351147,1.56,5.1,-0.08817012567084828,0.4,-1,-3.181172298302929,10.243584731526143,0.5136997597916549,-1,-0.10369749871517175
2016-09-01,2.2,0.240399586462898,5.0,0.006577719348163117,6.857835777351147,1.63,5.1,-0.03001107841603951,0.4,-1,0.5257475422193271,4.204573523997177,-0.5838594020280923,-1,-0.0886141456533096
2016-10-01,2.2,0.124674851301432,4.9,0.0020827883107631204,6.304883808341631,1.76,5.3,0.030011078416039404,0.4,-1,-2.982003237396836,-1.5612478171816306,3.0759278734243245,-1,0.06943374500278932
2016-11-01,2.0,-0.155546086733514,4.7,-0.00028336792702649227,6.857835777351147,2.14,5.4,-0.006980831141340205,0.41,1,-8.494295333398933,4.3947539693644115,3.0560781888046398,-1,-0.38430488322458434
2016-12-01,2.0,0.0327321392317517,4.7,0.01208724046382039,6.857835777351147,2.49,5.0,-0.017668304133313915,0.54,-1,-2.2149395168595776,11.850927607387083,0.697072185914282,-1,0.7080227323800203
2017-01-01,2.0,0.582772789025459,4.7,0.010983550231156993,6.300095648310146,2.43,5.3,0.02116481119204333,0.65,-1,5.3629561011511315,-1.9908229492803537,-2.675128043332131,-1,-0.22697762331811422
2017-02-01,2.3,0.314611738641666,4.6,-0.00015645415713696933,6.857835777351147,2.42,5.6,0.024139103113356875,0.66,1,3.06795479496066,-0.19768179678601944,1.6029690490883917,-1,-0.38475628391411165
2017-03-01,2.3,0.0812797871947232,4.4,-0.0016844889253788877,6.857835777351147,2.48,5.6,0.07386457431876092,0.79,-1,0.06085745131055117,-5.092411778915372,-0.7643855156200282,-1,0.6233517142172129
2017-04-01,2.3,0.296553336532688,4.4,0.003883171658053929,6.2625312201522725,2.3,5.7,-0.055298640196225636,0.9,1,1.5158305400332697,-2.104132716080073,-1.3039302097787226,-1,1.001926315406898
2017-05-01,3.2,0.0854721826896363,4.4,-0.004983005522373162,6.857835777351147,2.3,6.3,0.06003424494205998,0.91,1,0.05044931527463459,-2.783401951219644,-2.1718241833412937,-1,0.08636407254580813
2017-06-01,3.2,0.0907111014861139,4.3,0.0040542769271882375,6.857835777351147,2.19,6.0,-0.025519726208095544,1.04,-1,-2.175722044177138,-4.867091069603329,-1.3440867107535521,-1,0.20873282198785592
2017-07-01,3.2,-0.0689922638852295,4.3,1.2670283328821483e-05,6.303618476077989,2.32,6.0,-0.07896628130479821,1.15,1,2.216693380573412,9.413328477279059,-2.9340375435430475,-1,-0.2496586503483278
2017-08-01,4.6,0.299445229710857,4.4,0.0018924036318402405,6.857835777351147,2.21,6.1,-0.028370697129215576,1.16,-1,4.013862520568899,-0.5141399500418541,-0.21020753599582193,-1,-0.4538074565500816
2017-09-01,4.6,0.5294905893230339,4.3,0.020267496165648897,6.857835777351147,2.2,5.9,0.13600136132158094,1.15,1,-3.2049737193961736,9.39555190438359,0.43931503164779906,-1,0.11632773708927235
2017-10-01,4.6,-0.0632042103727646,4.2,0.001413812875399762,6.2598624953176385,2.36,6.0,-0.01741928447206482,1.15,1,-0.6506764882216406,6.444075827760376,1.5733583985238841,-1,1.244232978640225
2017-11-01,3.3,0.0024324685907436,4.2,0.010596481610048638,6.857835777351147,2.35,5.6,0.12732205870314228,1.16,1,0.279604024354779,3.5220544547311725,-1.6045205872213242,-1,0.2574530172998468
2017-12-01,3.3,-0.05878322772623,4.1,0.005222932474845942,6.857835777351147,2.4,5.0,-0.12095261041766256,1.3,-1,2.156177270305415,5.060877511756976,-0.9969246203964574,-1,0.2348658212945498
2018-01-01,3.3,0.544774545277541,4.0,-0.004380452678697456,6.218626015770766,2.58,5.7,-0.06559728248581323,1.41,1,3.1982302436285215,3.2080443789413904,-3.3005859356802953,-1,-0.0018721591216963596
2018-02-01,2.1,0.45346899748655,4.1,0.005912028279354144,6.857835777351147,2.86,5.8,0.04636592055792556,1.42,-1,-2.0147483576394407,-4.851503909439012,1.6468054337296514,-1,0.2430896327740406
2018-03-01,2.1,0.2261125904149039,4.0,-0.0006326316470032673,6.857835777351147,2.84,5.9,0.09413267010100546,1.51,1,0.5424044707482354,6.60291244431954,-0.7076950909312301,-1,0.45452802906462697
2018-04-01,2.1,0.397509156334893,4.0,0.002989308771718502,6.2808096110226295,2.87,6.0,-0.05603282386873498,1.69,1,-0.7641458381364067,6.740724998527134,2.05380813087763,-1,1.1358754842491159
2018-05-01,2.5,0.4158916925435,3.8,0.012923264198951342,6.857835777351147,2.98,6.0,0.03067725224704704,1.7,1,-1.2915746321253225,3.168633771648032,2.301253204251763,-1,-0.9424788907368753
2018-06-01,2.5,0.159387570154372,4.0,-0.0034234966666933015,6.857835777351147,2.91,6.3,-0.04006699259688607,1.82,-1,-3.599606217552171,2.35634668310591,0.5210970724806222,-1,0.8249577558335996
2018-07-01,2.5,0.0067463262285171,3.8,0.006065084749621267,6.130787262602353,2.89,6.5,-0.012658396871923465,1.91,1,-2.297466550795078,-6.756424205410812,0.08887760869461511,-1,0.1264221278442612
2018-08-01,0.6,0.0555542328357295,3.8,-0.0005835392316886144,6.857835777351147,2.89,6.6,-0.05734576747047327,1.91,-1,-1.8967294382157454,4.180736746669303,0.61783911361463,-1,0.6795922059752657
2018-09-01,0.6,0.116202517589025,3.7,-0.003850323371107781,6.857835777351147,3.0,6.8,0.0033670065479042485,1.95,-1,-0.8586901589603546,6.621626561061697,-0.008409014468456173,-1,0.04353320487995305
2018-10-01,0.6,0.176676345572587,3.8,0.01111525829993959,6.095457377911122,3.15,6.7,-0.07139671879834593,2.19,-1,1.9853996787060013,-9.172618446334196,2.0753999636939926,-1,-0.1672369308325039
2018-11-01,2.5,-0.3349348518100969,3.8,0.0032698222439717073,6.857835777351147,3.12,6.5,0.12058696298911772,2.2,1,0.4730471026844499,-25.112515622068248,0.1491777497726486,-1,0.07976545684247327
2018-12-01,2.5,-0.319396281513109,3.9,-0.020523478123012952,6.857835777351147,2.83,8.4,-0.1351326739914964,2.27,-1,4.952650331806551,-8.733660290835592,-1.1362524996992696,-1,0.031246214400937333
2019-01-01,2.5,0.1906596665246839,4.0,0.006488313252995178,6.1856940882575495,2.71,8.4,0.08594242980072463,2.4,1,2.977475744087691,14.008514858353143,-0.6205984945722579,-1,-0.6586566786902948
2019-02-01,3.4,0.422705314009692,3.8,0.0014383662641915796,6.857835777351147,2.68,8.5,0.08532929080664485,2.4,-1,-0.6019975896376322,6.475056845520992,0.603960424550001,-1,-0.51731911245958
2019-03-01,3.4,0.564135835680577,3.8,0.015875612669179168,6.857835777351147,2.57,7.9,0.10257887269594952,2.41,-1,-1.6072802542581068,3.5117430903524616,1.1652263496668682,-1,0.01069777709916675
2019-04-01,3.4,0.529500161289074,3.7,0.0012174672689497733,6.131404734466125,2.53,7.6,-0.022536165022413058,2.42,1,-0.6871385119607206,6.248934009263547,0.20024343962489916,-1,-0.5458199990081347
2019-05-01,4.8,0.212875858938411,3.6,0.006583925498098192,6.857835777351147,2.4,7.3,-0.12744494656812036,2.39,-1,1.7033291839177345,-12.120578218035432,0.2776228675655722,-1,0.1396238369568925
2019-06-01,4.8,0.0199147181481604,3.6,0.0015311999531863912,6.857835777351147,2.07,7.1,0.16518527455096732,2.38,1,7.66231180321235,3.144337181883457,-1.6711756787750405,-1,0.12195169580229148
2019-07-01,4.8,0.167094162245338,3.7,0.00883347636793424,6.199488369223033,2.06,6.8,-0.11778303565638351,2.4,-1,0.2996463867153251,-2.09543044968316,2.4517529457154326,-1,-0.5234902601360392
2019-08-01,2.8,-0.0050668236082818,3.6,0.005913705094028214,6.857835777351147,1.63,6.9,0.09418721505970107,2.13,-1,7.269333523119251,-7.551356997082193,0.40520335842117033,-1,0.7604477004716337
2019-09-01,2.8,0.0783448576930001,3.5,-0.006079654256076229,6.857835777351147,1.7,7.0,0.0,2.04,1,-3.200545826432489,0.5775117115179865,0.46496934390477035,-1,-0.3126051989951528
2019-10-01,2.8,0.228619055223,3.6,0.0030963922991903547,6.336268053549299,1.71,7.1,0.013947227480850552,1.83,1,2.7132980049982103,-0.90902204330174,-2.058742252363959,-1,-0.8513557960610929
2019-11-01,-5.5,-0.0536243034669465,3.6,0.006376380176157506,6.857835777351147,1.81,6.9,-0.012543718478530285,1.55,1,-3.292907115543067,3.587536201802303,0.9416044010628399,-1,0.5528222877156486
2019-12-01,-5.5,-0.0909769525053793,3.6,0.003499756452211254,6.857835777351147,1.86,6.2,-0.01840108537089129,1.55,-1,3.5753913146615663,5.560881295277283,-1.9357232823244876,-1,-0.20293804956270645
2020-01-01,-5.5,0.387976993781487,3.6,0.0008701737564310216,6.335880151483506,1.76,7.0,-0.014388737452099556,1.55,-1,4.629290735450174,-12.645690880116172,1.0331448751225345,-1,-0.593376043852345
2020-02-01,-28.1,0.274061813149543,3.5,-5.9003170010020185e-05,6.857835777351147,1.5,7.5,0.024339068305267622,1.58,-1,-0.2185930914357031,-14.08285357429735,0.7589975164678406,-1,0.33018476926538476
2020-03-01,-28.1,-0.2176451031784789,4.4,-0.09518913189470866,6.857835777351147,0.87,12.4,-0.12969958396309397,0.65,-1,-0.5381201589419525,-79.82438091599005,0.9291069980604173,-1,-3.9989456270076995
2020-04-01,-28.1,-0.668694186699718,14.8,-0.15690109034899768,6.294378153544784,0.66,32.0,-0.07002860436048348,0.05,1,6.7016933278608155,10.549243307771295,-0.03231278806691045,-1,-13.241808905190243
2020-05-01,35.2,0.0019501616684046,13.2,0.17207194103596132,6.857835777351147,0.67,22.8,0.20255304895913223,0.05,-1,2.5622090176725347,33.51145399709509,-0.6809916872681433,-1,1.570124183407895
2020-06-01,35.2,0.5472046927775109,11.0,0.08304009184090368,6.857835777351147,0.73,18.4,0.234084886442803,0.08,-1,2.8875079066485387,15.249146575202488,-0.9737732449986819,-1,6.584870737163229
2020-07-01,35.2,0.5058243501670089,10.2,0.016326140376859023,5.944490857149883,0.62,17.8,0.09266870717223599,0.09,1,10.385120185047416,5.092870788536536,-4.238864635748992,-1,3.6315442134944753
2020-08-01,4.4,0.315321052408127,8.4,0.00888240494455418,6.857835777351147,0.65,13.9,0.038907650616483276,0.1,1,-0.4087579163724735,4.471279888648346,-1.2992586793246612,-1,0.9743831029738859
2020-09-01,4.4,0.13927469432666,7.8,0.019620364195024886,6.857835777351147,0.68,13.1,-0.04298512823313939,0.09,-1,-4.255342787779269,-10.051362359584907,1.8728709552485987,-1,-0.039612465000293806
2020-10-01,4.4,0.0414937759336148,6.9,-0.0033805859520351237,5.767495655293985,0.79,12.6,0.05175284148644947,0.09,1,-0.3724141868890951,-8.907811328313601,0.16176755831832648,-1,0.6613731784080645
2020-11-01,5.6,-0.0610627217844138,6.7,-0.008869099878366577,6.857835777351147,0.87,11.8,-0.16177749164477684,0.09,1,-5.574018623626476,23.934895811707666,-2.333530662197194,-1,0.4426804909785531
2020-12-01,5.6,0.0941478467042597,6.7,0.008921895737727014,6.857835777351147,0.93,11.8,0.0011396012629335743,0.09,-1,6.609194407580097,8.476749413241807,-2.1254224062142435,-1,1.2903172571423926
2021-01-01,5.6,0.425378348702726,6.4,0.03788595728371972,5.642920741397737,1.08,19.2,0.0202938193398139,0.09,-1,-2.7075794199579017,7.581638512332371,0.7168171795866879,-1,0.6207492777781765
2021-02-01,6.4,0.547438279392344,6.2,-0.026681890728869482,6.857835777351147,1.26,12.6,-0.14636853938520336,0.08,1,-6.346061519976508,16.84159672978097,0.3251354379436838,-1,-3.3460002934821764
2021-03-01,6.4,0.7083273133749509,6.1,0.10396293217929072,6.857835777351147,1.61,25.9,0.10652263083800366,0.07,1,-1.530065441964717,-3.995287284520088,2.5562059009543012,-1,2.812039301748981
2021-04-01,6.4,0.821890915406006,6.1,0.010261152312193393,5.492905052511317,1.64,12.0,-0.028270433938255474,0.07,1,3.5334608600400297,5.674738964057837,-2.1159304846898155,-1,0.14135441564513407
2021-05-01,3.5,0.80171051547627,5.8,-0.011568086309736143,6.857835777351147,1.62,9.6,-0.14227405566467927,0.06,-1,7.4975254070452,3.031644636545667,-1.6023842513151587,-1,0.8695059680652317
2021-06-01,3.5,0.929066290235704,5.9,0.010636232093545424,6.857835777351147,1.52,8.4,-0.05230874381113754,0.08,1,-7.442146284688671,8.0486481533664,2.860865011816051,-1,0.46538497600989714
2021-07-01,3.5,0.481052352629404,5.4,-0.015352123555229087,5.243671088768008,1.32,9.2,0.05368520651986081,0.1,1,2.459739556472388,1.5846099429309768,-0.28384180261392106,-1,0.4199770593176222
2021-08-01,7.4,0.206591136361161,5.1,0.006905054441880396,6.857835777351147,1.28,8.4,-0.05078665376584946,0.09,1,-0.03142391716713711,-4.474360034683808,0.48917846466049125,-1,-0.025582910615706833
2021-09-01,7.4,0.271597085905821,4.7,0.005878371989996059,6.857835777351147,1.37,7.2,0.056273635982108605,0.08,-1,-3.174549673855107,7.303092394471937,1.7168722439370165,-1,-1.0452693490281995
2021-10-01,7.4,0.830811855200318,4.5,0.01603914517010869,5.059095245021137,1.58,6.6,-0.06791860017898844,0.08,1,1.4931088919866242,7.1977037287932335,-0.11361646643298096,-1,1.3724866281800585
2021-11-01,-1.0,0.491342750434762,4.2,0.011374071341736413,6.857835777351147,1.56,6.1,0.14173338884661316,0.08,-1,-0.49804763003217467,-17.87252816834538,1.9683251960294685,-1,0.910973332456444
2021-12-01,-1.0,0.307251716148357,3.9,-0.008281620831721986,6.857835777351147,1.47,6.0,0.05800515394134357,0.08,1,3.034874898036229,9.727920371486238,-0.3380919824553875,-1,-0.07267815034107672
2022-01-01,-1.0,0.8414573783545228,4.0,0.018047584006311755,0.0,1.76,3.6,-0.04412480490893794,0.08,-1,-1.7665507360203467,15.92802114644658,0.9052660542270923,-1,0.019566222770350805
2022-02-01,0.3,0.913397925647697,3.8,0.010023597777226284,6.857835777351147,1.93,3.6,-0.021533447610122772,0.08,1,6.036110094364758,10.185696184639855,0.17283584383939984,-1,0.6236254453408918
2022-03-01,0.3,1.3351379548562698,3.7,0.020758506359165173,6.857835777351147,2.13,2.7,-0.09109372942538997,0.2,1,1.4793207638711792,6.627604433717679,1.646030631155515,-1,0.8124046352426806
2022-04-01,0.3,0.5582531025654971,3.7,0.013575681124222722,4.024118788165883,2.75,2.2,-0.11428285707417382,0.33,-1,-2.1130724120880946,1.3164747091211069,4.618475574869592,-1,0.2232325475391983
2022-05-01,2.7,1.10235239995988,3.6,-0.003280557288859806,6.857835777351147,2.9,2.3,0.018692133012152546,0.77,1,-3.191247378337107,11.642040210576841,-1.17923705818087,-1,0.061708959169082256
2022-06-01,2.7,1.37360757588199,3.6,0.006923402733637224,6.857835777351147,3.14,2.0,-0.17678137641833933,1.21,-1,-1.6506896745074182,-6.7604107466901,2.841736098804138,-1,-0.1393665281418488
2022-07-01,2.7,-0.0118119138337545,3.5,-0.0068831674915832254,5.258260704086474,2.9,3.1,-0.0452054367680468,1.68,1,-2.3134292854928566,-4.270731735437619,1.156773968078658,-1,0.22183882111290743
2022-08-01,3.4,-0.0354399276350673,3.6,0.00600221387270646,6.857835777351147,2.9,3.1,0.21579484293846496,2.33,-1,-3.1581753741434655,-13.113189471905196,2.606821330915259,-1,0.11625368144745352
2022-09-01,3.4,0.2150784513001039,3.5,-0.0026623787714138247,6.857835777351147,3.52,3.1,-0.14693043185377128,2.56,-1,-2.9916368030780167,-9.255721034573202,3.095117476542553,-1,0.35116695405557063
2022-10-01,3.4,0.405649443411221,3.6,0.01245127003779702,5.42653026602807,3.98,3.2,0.03707397225751717,3.08,1,-1.642332241720448,7.520364920907566,-0.5276254840224427,-1,-0.08538373420546863
2022-11-01,2.8,-0.101002644188814,3.6,-0.011913773718287888,6.857835777351147,3.89,3.4,0.03239840055725014,3.78,-1,7.93813562881495,-10.438848773210866,-5.129942933805681,-1,-0.3271328890358194
2022-12-01,2.8,-0.307009146454112,3.5,-0.010355148602594873,6.857835777351147,3.62,3.7,0.05864872708150769,4.1,-1,3.0899817885911744,0.5602909486437847,-2.3183134210169025,-1,-1.2406673533399748
2023-01-01,2.8,0.799536383454017,3.5,0.03983004283626412,5.577447979270052,3.53,4.2,0.01101506023067744,4.33,1,5.562704424536767,-1.6667052485211762,-1.386080872309122,-1,0.9044787904143092
2023-02-01,2.4,0.5582110505732301,3.6,-0.01071112786355196,6.857835777351147,3.75,4.6,-0.022152804641133287,4.57,-1,-5.403841194250477,-0.7126767306550115,2.678861040427757,-1,0.05129073574465792
2023-03-01,2.4,0.3310729956123049,3.5,-0.010790283534487494,6.857835777351147,3.66,5.3,0.0299470763679521,4.65,1,7.503650490431643,-5.035892293516518,-2.2790618734695878,-1,0.013618637299717129
2023-04-01,2.4,0.50590386832584,3.4,0.00679650244381217,5.615188027089491,3.46,5.0,0.06463556611799577,4.83,-1,1.0466645024915673,-0.28874541434934464,-0.8297258190857884,-1,0.39858268742771763
2023-05-01,4.4,0.251843501020241,3.6,0.00434044041979256,6.857835777351147,3.57,5.2,0.07566633307373752,5.06,-1,-1.3798277476830096,-9.04690129864888,2.589653660205061,-1,-0.2356038948268857
2023-06-01,4.4,0.322891423648645,3.6,0.0031087309348134273,6.857835777351147,3.75,5.0,-0.1067109547556977,5.08,1,-2.2349774204714157,3.0362863730117966,-1.3646357745375974,-1,-0.5826323133707456
2023-07-01,4.4,0.1907515019222699,3.5,0.0026546808481127215,5.6935738771217315,3.9,4.6,0.04979066450301561,5.12,-1,2.355145874422746,13.306399369103103,-1.032402084692558,-1,0.6752236012771862
2023-08-01,3.2,0.436715506835353,3.7,0.008071404045884863,6.857835777351147,4.17,4.7,-0.07103577311675177,5.33,-1,-1.2752139375144427,1.5079742892470904,1.7170477423960107,-1,0.022217435933269414
2023-09-01,3.2,0.2485131552376499,3.8,0.008397106723384822,6.857835777351147,4.38,4.4,0.062427398580151616,5.33,-1,-4.8341082209839,9.283710984285873,2.4358547048502834,-1,0.2066053575776161
2023-10-01,3.2,-0.0383379522984981,3.9,-0.003915882144662238,5.659105838318308,4.8,4.5,-0.030726630862076672,5.33,1,7.060969894838948,-8.652504435713794,0.45950737928446117,-1,-0.7066241659656747
2023-11-01,1.6,-0.201513954841356,3.7,-0.0031478001434028687,6.857835777351147,4.5,4.6,-0.09664837047313249,5.33,1,2.613393049809258,-5.381937798222377,-3.01317047567392,-1,0.3009414290184642
2023-12-01,1.6,-0.0993320327893392,3.8,0.003799607717441516,6.857835777351147,4.02,4.4,0.06801039228560345,5.33,-1,1.2963085762052626,-7.246554712030257,-2.1130503519071993,-1,-0.2487199524137229
2024-01-01,1.6,0.544750379793042,3.7,-0.008163884556576267,5.465842494099235,4.06,5.5,0.015174798019235132,5.33,-1,-1.1437053370161443,5.885162590674581,1.8973527091431581,-1,-1.118474065802788
2024-02-01,3.0,0.618967177555072,3.9,0.009750174549128755,6.857835777351147,4.21,5.4,-0.03213742523881441,5.33,1,0.23409465563510265,2.310633253180309,0.8504124914659678,-1,1.2255254574657704
2024-03-01,3.0,0.646416993742063,3.9,0.003995249748982374,6.857835777351147,4.21,5.2,0.060350135333170636,5.33,-1,8.688785519980101,4.512746988014805,0.3172886487321654,-1,-0.20257635064689916
2024-04-01,3.0,0.2609913057466027,3.9,-0.0015031085316819313,5.142680583015475,4.54,5.1,0.07473525915808621,5.33,-1,2.496963291431245,0.43344427390663515,1.6459167620403528,-1,-0.1578250190697128
2024-05-01,3.1,0.2609913057466027,4.0,0.002314161048111636,6.857835777351147,4.48,4.9,-0.09097177820572676,5.33,1,1.7808767036402087,-7.367030856997377,-1.4699731715813558,-1,0.608557516452235
2024-06-01,3.1,0.2609913057466027,4.1,-0.00278532503826318,6.857835777351147,4.31,4.8,0.0,5.33,-1,-0.0249243675657742,5.702907987564827,1.1352045798804105,-1,0.2657805373291966
2024-07-01,3.1,0.2609913057466027,4.2,0.012030988570345732,4.9005227647440925,4.25,4.3,0.05077232537342314,5.33,-1,5.063550852256558,-6.811703380795434,-1.6860593164883153,-1,-0.7110661731235979
2024-08-01,2.4,0.2609913057466027,4.2,-0.0011443541173473224,6.857835777351147,3.87,4.2,-0.022890842128902862,5.33,1,2.2537860730171015,-2.407337918152013,-2.330591311318141,-1,0.48810369179626
2024-09-01,2.4,0.2609913057466027,4.1,0.008903429897589226,6.857835777351147,3.72,3.8,0.04941019105712619,5.13,-1,5.1077963163151825,-9.344643542185297,-0.9077636578228212,-1,-0.4117663046643516
2024-10-01,2.4,0.2609913057466027,4.1,0.005574976803099362,5.06234183641845,4.1,4.0,-0.153003496037343,4.83,-1,4.068200035969618,1.9182262080684371,3.1230102679755762,-1,-0.3201897940843246
2024-11-01,2.7,0.2609913057466027,4.2,0.006483718004999619,6.857835777351147,4.36,3.7,0.08164655725551087,4.64,1,-3.7434389158554993,-0.3011638142130818,1.6794775648330633,-1,-0.23839580548545847
2024-12-01,2.7,0.2609913057466027,4.1,0.007224087785861327,6.857835777351147,4.39,3.3,0.053288344371331745,4.48,-1,-0.7080985990494867,2.3039371158554265,2.5675471206223053,-1,1.1196483933540557
